{
    "counter": {
        "ACTIVE": 3160,
        "INACTIVE": 1,
        "INVALID": 0,
        "MALICIOUS": 0,
        "SANE": 0,
        "VALID": 0,
        "total": 3161
    },
    "percentage": {
        "ACTIVE": 99.96836444163239,
        "INACTIVE": 0.045787545787545784,
        "INVALID": 0,
        "MALICIOUS": 0,
        "SANE": 0,
        "VALID": 0,
        "total": 100.01415198741994
    }
}