{
    "counter": {
        "ACTIVE": 3553,
        "INACTIVE": 3,
        "INVALID": 0,
        "MALICIOUS": 0,
        "SANE": 0,
        "VALID": 0,
        "total": 3556
    },
    "percentage": {
        "ACTIVE": 99.91563554555681,
        "INACTIVE": 0.20161290322580644,
        "INVALID": 0,
        "MALICIOUS": 0,
        "SANE": 0,
        "VALID": 0,
        "total": 100.11724844878262
    }
}