{
    "counter": {
        "ACTIVE": 3622,
        "INACTIVE": 2,
        "INVALID": 0,
        "MALICIOUS": 0,
        "SANE": 0,
        "VALID": 0,
        "total": 3624
    },
    "percentage": {
        "ACTIVE": 99.9448123620309,
        "INACTIVE": 0.2695417789757412,
        "INVALID": 0,
        "MALICIOUS": 0,
        "SANE": 0,
        "VALID": 0,
        "total": 100.21435414100664
    }
}