{
    "counter": {
        "ACTIVE": 1860,
        "INACTIVE": 1,
        "INVALID": 0,
        "MALICIOUS": 0,
        "SANE": 0,
        "VALID": 0,
        "total": 1861
    },
    "percentage": {
        "ACTIVE": 99.9462654486835,
        "INACTIVE": 0.17985611510791366,
        "INVALID": 0,
        "MALICIOUS": 0,
        "SANE": 0,
        "VALID": 0,
        "total": 100.12612156379141
    }
}