{
    "counter": {
        "ACTIVE": 3185,
        "INACTIVE": 1,
        "INVALID": 0,
        "MALICIOUS": 0,
        "SANE": 0,
        "VALID": 0,
        "total": 3186
    },
    "percentage": {
        "ACTIVE": 99.9686126804771,
        "INACTIVE": 0.13831258644536654,
        "INVALID": 0,
        "MALICIOUS": 0,
        "SANE": 0,
        "VALID": 0,
        "total": 100.10692526692246
    }
}