{
    "counter": {
        "ACTIVE": 1562,
        "INACTIVE": 1,
        "INVALID": 0,
        "MALICIOUS": 0,
        "SANE": 0,
        "VALID": 0,
        "total": 1563
    },
    "percentage": {
        "ACTIVE": 99.9360204734485,
        "INACTIVE": 0.2079002079002079,
        "INVALID": 0,
        "MALICIOUS": 0,
        "SANE": 0,
        "VALID": 0,
        "total": 100.1439206813487
    }
}