{
    "counter": {
        "ACTIVE": 3172,
        "INACTIVE": 1,
        "INVALID": 0,
        "MALICIOUS": 0,
        "SANE": 0,
        "VALID": 0,
        "total": 3173
    },
    "percentage": {
        "ACTIVE": 99.96848408446266,
        "INACTIVE": 0.13831258644536654,
        "INVALID": 0,
        "MALICIOUS": 0,
        "SANE": 0,
        "VALID": 0,
        "total": 100.10679667090803
    }
}