{
    "counter": {
        "ACTIVE": 2630,
        "INACTIVE": 3,
        "INVALID": 0,
        "MALICIOUS": 0,
        "SANE": 0,
        "VALID": 0,
        "total": 2633
    },
    "percentage": {
        "ACTIVE": 99.88606152677553,
        "INACTIVE": 0.20161290322580644,
        "INVALID": 0,
        "MALICIOUS": 0,
        "SANE": 0,
        "VALID": 0,
        "total": 100.08767443000134
    }
}