{
    "counter": {
        "ACTIVE": 303,
        "INACTIVE": 1,
        "INVALID": 0,
        "MALICIOUS": 0,
        "SANE": 0,
        "VALID": 0,
        "total": 304
    },
    "percentage": {
        "ACTIVE": 99.67105263157895,
        "INACTIVE": 0.5747126436781609,
        "INVALID": 0,
        "MALICIOUS": 0,
        "SANE": 0,
        "VALID": 0,
        "total": 100.2457652752571
    }
}