{
    "counter": {
        "ACTIVE": 2699,
        "INACTIVE": 1,
        "INVALID": 0,
        "MALICIOUS": 0,
        "SANE": 0,
        "VALID": 0,
        "total": 2700
    },
    "percentage": {
        "ACTIVE": 99.96296296296296,
        "INACTIVE": 0.1457725947521866,
        "INVALID": 0,
        "MALICIOUS": 0,
        "SANE": 0,
        "VALID": 0,
        "total": 100.10873555771515
    }
}