{
    "counter": {
        "ACTIVE": 3532,
        "INACTIVE": 1,
        "INVALID": 0,
        "MALICIOUS": 0,
        "SANE": 0,
        "VALID": 0,
        "total": 3533
    },
    "percentage": {
        "ACTIVE": 99.97169544296632,
        "INACTIVE": 0.2242152466367713,
        "INVALID": 0,
        "MALICIOUS": 0,
        "SANE": 0,
        "VALID": 0,
        "total": 100.1959106896031
    }
}