{
    "counter": {
        "ACTIVE": 1077,
        "INACTIVE": 1,
        "INVALID": 0,
        "MALICIOUS": 0,
        "SANE": 0,
        "VALID": 0,
        "total": 1078
    },
    "percentage": {
        "ACTIVE": 99.90723562152134,
        "INACTIVE": 0.7518796992481203,
        "INVALID": 0,
        "MALICIOUS": 0,
        "SANE": 0,
        "VALID": 0,
        "total": 100.65911532076946
    }
}