{
    "counter": {
        "ACTIVE": 2471,
        "INACTIVE": 1,
        "INVALID": 0,
        "MALICIOUS": 0,
        "SANE": 0,
        "VALID": 0,
        "total": 2472
    },
    "percentage": {
        "ACTIVE": 99.95954692556634,
        "INACTIVE": 0.15360983102918588,
        "INVALID": 0,
        "MALICIOUS": 0,
        "SANE": 0,
        "VALID": 0,
        "total": 100.11315675659553
    }
}