{
    "counter": {
        "ACTIVE": 1512,
        "INACTIVE": 1,
        "INVALID": 0,
        "MALICIOUS": 0,
        "SANE": 0,
        "VALID": 0,
        "total": 1513
    },
    "percentage": {
        "ACTIVE": 99.93390614672836,
        "INACTIVE": 0.07017543859649122,
        "INVALID": 0,
        "MALICIOUS": 0,
        "SANE": 0,
        "VALID": 0,
        "total": 100.00408158532485
    }
}