{
    "counter": {
        "ACTIVE": 1449,
        "INACTIVE": 3,
        "INVALID": 0,
        "MALICIOUS": 0,
        "SANE": 0,
        "VALID": 0,
        "total": 1452
    },
    "percentage": {
        "ACTIVE": 99.79338842975207,
        "INACTIVE": 0.3464203233256351,
        "INVALID": 0,
        "MALICIOUS": 0,
        "SANE": 0,
        "VALID": 0,
        "total": 100.1398087530777
    }
}