{
    "counter": {
        "ACTIVE": 2661,
        "INACTIVE": 1,
        "INVALID": 0,
        "MALICIOUS": 0,
        "SANE": 0,
        "VALID": 0,
        "total": 2662
    },
    "percentage": {
        "ACTIVE": 99.96243425995492,
        "INACTIVE": 0.037778617302606725,
        "INVALID": 0,
        "MALICIOUS": 0,
        "SANE": 0,
        "VALID": 0,
        "total": 100.00021287725752
    }
}