{
    "counter": {
        "ACTIVE": 1462,
        "INACTIVE": 2,
        "INVALID": 0,
        "MALICIOUS": 0,
        "SANE": 0,
        "VALID": 0,
        "total": 1464
    },
    "percentage": {
        "ACTIVE": 99.86338797814207,
        "INACTIVE": 0.44742729306487694,
        "INVALID": 0,
        "MALICIOUS": 0,
        "SANE": 0,
        "VALID": 0,
        "total": 100.31081527120695
    }
}