{
    "counter": {
        "ACTIVE": 3185,
        "INACTIVE": 3,
        "INVALID": 0,
        "MALICIOUS": 0,
        "SANE": 0,
        "VALID": 0,
        "total": 3188
    },
    "percentage": {
        "ACTIVE": 99.90589711417817,
        "INACTIVE": 0.1236603462489695,
        "INVALID": 0,
        "MALICIOUS": 0,
        "SANE": 0,
        "VALID": 0,
        "total": 100.02955746042714
    }
}