{
    "counter": {
        "ACTIVE": 3570,
        "INACTIVE": 1,
        "INVALID": 0,
        "MALICIOUS": 0,
        "SANE": 0,
        "VALID": 0,
        "total": 3571
    },
    "percentage": {
        "ACTIVE": 99.97199663959675,
        "INACTIVE": 0.030883261272390366,
        "INVALID": 0,
        "MALICIOUS": 0,
        "SANE": 0,
        "VALID": 0,
        "total": 100.00287990086915
    }
}