{
    "counter": {
        "ACTIVE": 2438,
        "INACTIVE": 1,
        "INVALID": 0,
        "MALICIOUS": 0,
        "SANE": 0,
        "VALID": 0,
        "total": 2439
    },
    "percentage": {
        "ACTIVE": 99.9589995899959,
        "INACTIVE": 0.12531328320802004,
        "INVALID": 0,
        "MALICIOUS": 0,
        "SANE": 0,
        "VALID": 0,
        "total": 100.08431287320391
    }
}