{
    "counter": {
        "ACTIVE": 1546,
        "INACTIVE": 1,
        "INVALID": 0,
        "MALICIOUS": 0,
        "SANE": 0,
        "VALID": 0,
        "total": 1547
    },
    "percentage": {
        "ACTIVE": 99.93535875888817,
        "INACTIVE": 0.20040080160320642,
        "INVALID": 0,
        "MALICIOUS": 0,
        "SANE": 0,
        "VALID": 0,
        "total": 100.13575956049138
    }
}