{
    "counter": {
        "ACTIVE": 1376,
        "INACTIVE": 1,
        "INVALID": 0,
        "MALICIOUS": 0,
        "SANE": 0,
        "VALID": 0,
        "total": 1377
    },
    "percentage": {
        "ACTIVE": 99.92737835875091,
        "INACTIVE": 0.23696682464454977,
        "INVALID": 0,
        "MALICIOUS": 0,
        "SANE": 0,
        "VALID": 0,
        "total": 100.16434518339547
    }
}