{
    "counter": {
        "ACTIVE": 1551,
        "INACTIVE": 1,
        "INVALID": 0,
        "MALICIOUS": 0,
        "SANE": 0,
        "VALID": 0,
        "total": 1552
    },
    "percentage": {
        "ACTIVE": 99.93556701030928,
        "INACTIVE": 0.24813895781637718,
        "INVALID": 0,
        "MALICIOUS": 0,
        "SANE": 0,
        "VALID": 0,
        "total": 100.18370596812566
    }
}