{
    "counter": {
        "ACTIVE": 3539,
        "INACTIVE": 1,
        "INVALID": 0,
        "MALICIOUS": 0,
        "SANE": 0,
        "VALID": 0,
        "total": 3540
    },
    "percentage": {
        "ACTIVE": 99.97175141242938,
        "INACTIVE": 0.08818342151675485,
        "INVALID": 0,
        "MALICIOUS": 0,
        "SANE": 0,
        "VALID": 0,
        "total": 100.05993483394614
    }
}