{
    "counter": {
        "ACTIVE": 1843,
        "INACTIVE": 1,
        "INVALID": 0,
        "MALICIOUS": 0,
        "SANE": 0,
        "VALID": 0,
        "total": 1844
    },
    "percentage": {
        "ACTIVE": 99.94577006507592,
        "INACTIVE": 0.6289308176100629,
        "INVALID": 0,
        "MALICIOUS": 0,
        "SANE": 0,
        "VALID": 0,
        "total": 100.57470088268599
    }
}