{
    "counter": {
        "ACTIVE": 806,
        "INACTIVE": 1,
        "INVALID": 0,
        "MALICIOUS": 0,
        "SANE": 0,
        "VALID": 0,
        "total": 807
    },
    "percentage": {
        "ACTIVE": 99.87608426270137,
        "INACTIVE": 0.15822784810126583,
        "INVALID": 0,
        "MALICIOUS": 0,
        "SANE": 0,
        "VALID": 0,
        "total": 100.03431211080263
    }
}