{
    "counter": {
        "ACTIVE": 3311,
        "INACTIVE": 1,
        "INVALID": 0,
        "MALICIOUS": 0,
        "SANE": 0,
        "VALID": 0,
        "total": 3312
    },
    "percentage": {
        "ACTIVE": 99.96980676328502,
        "INACTIVE": 0.1692047377326565,
        "INVALID": 0,
        "MALICIOUS": 0,
        "SANE": 0,
        "VALID": 0,
        "total": 100.13901150101768
    }
}