{
    "counter": {
        "ACTIVE": 1830,
        "INACTIVE": 1,
        "INVALID": 0,
        "MALICIOUS": 0,
        "SANE": 0,
        "VALID": 0,
        "total": 1831
    },
    "percentage": {
        "ACTIVE": 99.94538503549973,
        "INACTIVE": 0.0855431993156544,
        "INVALID": 0,
        "MALICIOUS": 0,
        "SANE": 0,
        "VALID": 0,
        "total": 100.03092823481538
    }
}