{
    "counter": {
        "ACTIVE": 681,
        "INACTIVE": 1,
        "INVALID": 0,
        "MALICIOUS": 0,
        "SANE": 0,
        "VALID": 0,
        "total": 682
    },
    "percentage": {
        "ACTIVE": 99.8533724340176,
        "INACTIVE": 0.15822784810126583,
        "INVALID": 0,
        "MALICIOUS": 0,
        "SANE": 0,
        "VALID": 0,
        "total": 100.01160028211886
    }
}