{
    "counter": {
        "ACTIVE": 141,
        "INACTIVE": 1,
        "INVALID": 0,
        "MALICIOUS": 0,
        "SANE": 0,
        "VALID": 0,
        "total": 142
    },
    "percentage": {
        "ACTIVE": 99.29577464788733,
        "INACTIVE": 0.7518796992481203,
        "INVALID": 0,
        "MALICIOUS": 0,
        "SANE": 0,
        "VALID": 0,
        "total": 100.04765434713545
    }
}