{
    "counter": {
        "ACTIVE": 2920,
        "INACTIVE": 1,
        "INVALID": 0,
        "MALICIOUS": 0,
        "SANE": 0,
        "VALID": 0,
        "total": 2921
    },
    "percentage": {
        "ACTIVE": 99.9657651489216,
        "INACTIVE": 0.046189376443418015,
        "INVALID": 0,
        "MALICIOUS": 0,
        "SANE": 0,
        "VALID": 0,
        "total": 100.01195452536503
    }
}