{
    "counter": {
        "ACTIVE": 1174,
        "INACTIVE": 1,
        "INVALID": 0,
        "MALICIOUS": 0,
        "SANE": 0,
        "VALID": 0,
        "total": 1175
    },
    "percentage": {
        "ACTIVE": 99.91489361702128,
        "INACTIVE": 0.1890359168241966,
        "INVALID": 0,
        "MALICIOUS": 0,
        "SANE": 0,
        "VALID": 0,
        "total": 100.10392953384547
    }
}