{
    "counter": {
        "ACTIVE": 1722,
        "INACTIVE": 3,
        "INVALID": 0,
        "MALICIOUS": 0,
        "SANE": 0,
        "VALID": 0,
        "total": 1725
    },
    "percentage": {
        "ACTIVE": 99.82608695652173,
        "INACTIVE": 0.2054794520547945,
        "INVALID": 0,
        "MALICIOUS": 0,
        "SANE": 0,
        "VALID": 0,
        "total": 100.03156640857652
    }
}