{
    "counter": {
        "ACTIVE": 3301,
        "INACTIVE": 1,
        "INVALID": 0,
        "MALICIOUS": 0,
        "SANE": 0,
        "VALID": 0,
        "total": 3302
    },
    "percentage": {
        "ACTIVE": 99.96971532404604,
        "INACTIVE": 0.03479471120389701,
        "INVALID": 0,
        "MALICIOUS": 0,
        "SANE": 0,
        "VALID": 0,
        "total": 100.00451003524994
    }
}