{
    "counter": {
        "ACTIVE": 1639,
        "INACTIVE": 1,
        "INVALID": 0,
        "MALICIOUS": 0,
        "SANE": 0,
        "VALID": 0,
        "total": 1640
    },
    "percentage": {
        "ACTIVE": 99.9390243902439,
        "INACTIVE": 0.12285012285012285,
        "INVALID": 0,
        "MALICIOUS": 0,
        "SANE": 0,
        "VALID": 0,
        "total": 100.06187451309403
    }
}