{
    "counter": {
        "ACTIVE": 3236,
        "INACTIVE": 1,
        "INVALID": 0,
        "MALICIOUS": 0,
        "SANE": 0,
        "VALID": 0,
        "total": 3237
    },
    "percentage": {
        "ACTIVE": 99.96910719802285,
        "INACTIVE": 0.0449034575662326,
        "INVALID": 0,
        "MALICIOUS": 0,
        "SANE": 0,
        "VALID": 0,
        "total": 100.01401065558909
    }
}