{
    "counter": {
        "ACTIVE": 1450,
        "INACTIVE": 1,
        "INVALID": 0,
        "MALICIOUS": 0,
        "SANE": 0,
        "VALID": 0,
        "total": 1451
    },
    "percentage": {
        "ACTIVE": 99.93108201240524,
        "INACTIVE": 0.12285012285012285,
        "INVALID": 0,
        "MALICIOUS": 0,
        "SANE": 0,
        "VALID": 0,
        "total": 100.05393213525537
    }
}