{
    "counter": {
        "ACTIVE": 2738,
        "INACTIVE": 1,
        "INVALID": 0,
        "MALICIOUS": 0,
        "SANE": 0,
        "VALID": 0,
        "total": 2739
    },
    "percentage": {
        "ACTIVE": 99.9634903249361,
        "INACTIVE": 0.2028397565922921,
        "INVALID": 0,
        "MALICIOUS": 0,
        "SANE": 0,
        "VALID": 0,
        "total": 100.1663300815284
    }
}