{
    "counter": {
        "ACTIVE": 3520,
        "INACTIVE": 1,
        "INVALID": 0,
        "MALICIOUS": 0,
        "SANE": 0,
        "VALID": 0,
        "total": 3521
    },
    "percentage": {
        "ACTIVE": 99.97159897756319,
        "INACTIVE": 0.0728862973760933,
        "INVALID": 0,
        "MALICIOUS": 0,
        "SANE": 0,
        "VALID": 0,
        "total": 100.04448527493928
    }
}