{
    "counter": {
        "ACTIVE": 1499,
        "INACTIVE": 8,
        "INVALID": 0,
        "MALICIOUS": 0,
        "SANE": 0,
        "VALID": 0,
        "total": 1507
    },
    "percentage": {
        "ACTIVE": 99.46914399469144,
        "INACTIVE": 1.1904761904761905,
        "INVALID": 0,
        "MALICIOUS": 0,
        "SANE": 0,
        "VALID": 0,
        "total": 100.65962018516763
    }
}