{
    "counter": {
        "ACTIVE": 2680,
        "INACTIVE": 1,
        "INVALID": 0,
        "MALICIOUS": 0,
        "SANE": 0,
        "VALID": 0,
        "total": 2681
    },
    "percentage": {
        "ACTIVE": 99.9627004848937,
        "INACTIVE": 0.5988023952095808,
        "INVALID": 0,
        "MALICIOUS": 0,
        "SANE": 0,
        "VALID": 0,
        "total": 100.56150288010328
    }
}