{
    "counter": {
        "ACTIVE": 3620,
        "INACTIVE": 1,
        "INVALID": 0,
        "MALICIOUS": 0,
        "SANE": 0,
        "VALID": 0,
        "total": 3621
    },
    "percentage": {
        "ACTIVE": 99.972383319525,
        "INACTIVE": 0.045787545787545784,
        "INVALID": 0,
        "MALICIOUS": 0,
        "SANE": 0,
        "VALID": 0,
        "total": 100.01817086531254
    }
}