{
    "counter": {
        "ACTIVE": 3078,
        "INACTIVE": 2,
        "INVALID": 0,
        "MALICIOUS": 0,
        "SANE": 0,
        "VALID": 0,
        "total": 3080
    },
    "percentage": {
        "ACTIVE": 99.93506493506493,
        "INACTIVE": 0.0676132521974307,
        "INVALID": 0,
        "MALICIOUS": 0,
        "SANE": 0,
        "VALID": 0,
        "total": 100.00267818726236
    }
}