{
    "counter": {
        "ACTIVE": 3506,
        "INACTIVE": 1,
        "INVALID": 0,
        "MALICIOUS": 0,
        "SANE": 0,
        "VALID": 0,
        "total": 3507
    },
    "percentage": {
        "ACTIVE": 99.97148560022812,
        "INACTIVE": 0.035650623885918005,
        "INVALID": 0,
        "MALICIOUS": 0,
        "SANE": 0,
        "VALID": 0,
        "total": 100.00713622411403
    }
}