{
    "counter": {
        "ACTIVE": 1842,
        "INACTIVE": 1,
        "INVALID": 0,
        "MALICIOUS": 0,
        "SANE": 0,
        "VALID": 0,
        "total": 1843
    },
    "percentage": {
        "ACTIVE": 99.94574064026044,
        "INACTIVE": 0.11001100110011001,
        "INVALID": 0,
        "MALICIOUS": 0,
        "SANE": 0,
        "VALID": 0,
        "total": 100.05575164136054
    }
}