{
    "counter": {
        "ACTIVE": 3425,
        "INACTIVE": 3,
        "INVALID": 0,
        "MALICIOUS": 0,
        "SANE": 0,
        "VALID": 0,
        "total": 3428
    },
    "percentage": {
        "ACTIVE": 99.9124854142357,
        "INACTIVE": 0.3054989816700611,
        "INVALID": 0,
        "MALICIOUS": 0,
        "SANE": 0,
        "VALID": 0,
        "total": 100.21798439590576
    }
}