{
    "counter": {
        "ACTIVE": 1153,
        "INACTIVE": 1,
        "INVALID": 0,
        "MALICIOUS": 0,
        "SANE": 0,
        "VALID": 0,
        "total": 1154
    },
    "percentage": {
        "ACTIVE": 99.91334488734836,
        "INACTIVE": 0.1721170395869191,
        "INVALID": 0,
        "MALICIOUS": 0,
        "SANE": 0,
        "VALID": 0,
        "total": 100.08546192693528
    }
}