{
    "counter": {
        "ACTIVE": 3183,
        "INACTIVE": 2,
        "INVALID": 0,
        "MALICIOUS": 0,
        "SANE": 0,
        "VALID": 0,
        "total": 3185
    },
    "percentage": {
        "ACTIVE": 99.93720565149137,
        "INACTIVE": 0.13271400132714,
        "INVALID": 0,
        "MALICIOUS": 0,
        "SANE": 0,
        "VALID": 0,
        "total": 100.06991965281851
    }
}