{
    "counter": {
        "ACTIVE": 2348,
        "INACTIVE": 3,
        "INVALID": 0,
        "MALICIOUS": 0,
        "SANE": 0,
        "VALID": 0,
        "total": 2351
    },
    "percentage": {
        "ACTIVE": 99.87239472564866,
        "INACTIVE": 0.3054989816700611,
        "INVALID": 0,
        "MALICIOUS": 0,
        "SANE": 0,
        "VALID": 0,
        "total": 100.17789370731872
    }
}