{
    "counter": {
        "ACTIVE": 3620,
        "INACTIVE": 3,
        "INVALID": 0,
        "MALICIOUS": 0,
        "SANE": 0,
        "VALID": 0,
        "total": 3623
    },
    "percentage": {
        "ACTIVE": 99.9171956941761,
        "INACTIVE": 0.3464203233256351,
        "INVALID": 0,
        "MALICIOUS": 0,
        "SANE": 0,
        "VALID": 0,
        "total": 100.26361601750173
    }
}