{
    "counter": {
        "ACTIVE": 2348,
        "INACTIVE": 8,
        "INVALID": 0,
        "MALICIOUS": 0,
        "SANE": 0,
        "VALID": 0,
        "total": 2356
    },
    "percentage": {
        "ACTIVE": 99.66044142614601,
        "INACTIVE": 0.7414272474513438,
        "INVALID": 0,
        "MALICIOUS": 0,
        "SANE": 0,
        "VALID": 0,
        "total": 100.40186867359735
    }
}