{
    "counter": {
        "ACTIVE": 3144,
        "INACTIVE": 1,
        "INVALID": 0,
        "MALICIOUS": 0,
        "SANE": 0,
        "VALID": 0,
        "total": 3145
    },
    "percentage": {
        "ACTIVE": 99.96820349761526,
        "INACTIVE": 0.5747126436781609,
        "INVALID": 0,
        "MALICIOUS": 0,
        "SANE": 0,
        "VALID": 0,
        "total": 100.54291614129342
    }
}