{
    "counter": {
        "ACTIVE": 657,
        "INACTIVE": 2,
        "INVALID": 0,
        "MALICIOUS": 0,
        "SANE": 0,
        "VALID": 0,
        "total": 659
    },
    "percentage": {
        "ACTIVE": 99.69650986342944,
        "INACTIVE": 1.2048192771084338,
        "INVALID": 0,
        "MALICIOUS": 0,
        "SANE": 0,
        "VALID": 0,
        "total": 100.90132914053787
    }
}