{
    "counter": {
        "ACTIVE": 2146,
        "INACTIVE": 1,
        "INVALID": 0,
        "MALICIOUS": 0,
        "SANE": 0,
        "VALID": 0,
        "total": 2147
    },
    "percentage": {
        "ACTIVE": 99.9534233814625,
        "INACTIVE": 0.15360983102918588,
        "INVALID": 0,
        "MALICIOUS": 0,
        "SANE": 0,
        "VALID": 0,
        "total": 100.10703321249169
    }
}