{
    "counter": {
        "ACTIVE": 3141,
        "INACTIVE": 1,
        "INVALID": 0,
        "MALICIOUS": 0,
        "SANE": 0,
        "VALID": 0,
        "total": 3142
    },
    "percentage": {
        "ACTIVE": 99.96817313812858,
        "INACTIVE": 0.0855431993156544,
        "INVALID": 0,
        "MALICIOUS": 0,
        "SANE": 0,
        "VALID": 0,
        "total": 100.05371633744423
    }
}