{
    "counter": {
        "ACTIVE": 3446,
        "INACTIVE": 1,
        "INVALID": 0,
        "MALICIOUS": 0,
        "SANE": 0,
        "VALID": 0,
        "total": 3447
    },
    "percentage": {
        "ACTIVE": 99.97098926602843,
        "INACTIVE": 0.24813895781637718,
        "INVALID": 0,
        "MALICIOUS": 0,
        "SANE": 0,
        "VALID": 0,
        "total": 100.2191282238448
    }
}