{
    "counter": {
        "ACTIVE": 2848,
        "INACTIVE": 1,
        "INVALID": 0,
        "MALICIOUS": 0,
        "SANE": 0,
        "VALID": 0,
        "total": 2849
    },
    "percentage": {
        "ACTIVE": 99.96489996489997,
        "INACTIVE": 0.2079002079002079,
        "INVALID": 0,
        "MALICIOUS": 0,
        "SANE": 0,
        "VALID": 0,
        "total": 100.17280017280018
    }
}