{
    "counter": {
        "ACTIVE": 2508,
        "INACTIVE": 1,
        "INVALID": 0,
        "MALICIOUS": 0,
        "SANE": 0,
        "VALID": 0,
        "total": 2509
    },
    "percentage": {
        "ACTIVE": 99.96014348345955,
        "INACTIVE": 0.0728862973760933,
        "INVALID": 0,
        "MALICIOUS": 0,
        "SANE": 0,
        "VALID": 0,
        "total": 100.03302978083563
    }
}