{
    "counter": {
        "ACTIVE": 3254,
        "INACTIVE": 1,
        "INVALID": 0,
        "MALICIOUS": 0,
        "SANE": 0,
        "VALID": 0,
        "total": 3255
    },
    "percentage": {
        "ACTIVE": 99.96927803379417,
        "INACTIVE": 0.20040080160320642,
        "INVALID": 0,
        "MALICIOUS": 0,
        "SANE": 0,
        "VALID": 0,
        "total": 100.16967883539738
    }
}