{
    "counter": {
        "ACTIVE": 2497,
        "INACTIVE": 1,
        "INVALID": 0,
        "MALICIOUS": 0,
        "SANE": 0,
        "VALID": 0,
        "total": 2498
    },
    "percentage": {
        "ACTIVE": 99.95996797437951,
        "INACTIVE": 0.7518796992481203,
        "INVALID": 0,
        "MALICIOUS": 0,
        "SANE": 0,
        "VALID": 0,
        "total": 100.71184767362763
    }
}