{
    "counter": {
        "ACTIVE": 918,
        "INACTIVE": 1,
        "INVALID": 0,
        "MALICIOUS": 0,
        "SANE": 0,
        "VALID": 0,
        "total": 919
    },
    "percentage": {
        "ACTIVE": 99.89118607181719,
        "INACTIVE": 0.2079002079002079,
        "INVALID": 0,
        "MALICIOUS": 0,
        "SANE": 0,
        "VALID": 0,
        "total": 100.0990862797174
    }
}