{
    "counter": {
        "ACTIVE": 3268,
        "INACTIVE": 2,
        "INVALID": 0,
        "MALICIOUS": 0,
        "SANE": 0,
        "VALID": 0,
        "total": 3270
    },
    "percentage": {
        "ACTIVE": 99.93883792048929,
        "INACTIVE": 0.06548788474132286,
        "INVALID": 0,
        "MALICIOUS": 0,
        "SANE": 0,
        "VALID": 0,
        "total": 100.00432580523061
    }
}