{
    "counter": {
        "ACTIVE": 3143,
        "INACTIVE": 2,
        "INVALID": 0,
        "MALICIOUS": 0,
        "SANE": 0,
        "VALID": 0,
        "total": 3145
    },
    "percentage": {
        "ACTIVE": 99.93640699523053,
        "INACTIVE": 0.3913894324853229,
        "INVALID": 0,
        "MALICIOUS": 0,
        "SANE": 0,
        "VALID": 0,
        "total": 100.32779642771585
    }
}