{
    "counter": {
        "ACTIVE": 420,
        "INACTIVE": 1,
        "INVALID": 0,
        "MALICIOUS": 0,
        "SANE": 0,
        "VALID": 0,
        "total": 421
    },
    "percentage": {
        "ACTIVE": 99.7624703087886,
        "INACTIVE": 0.6369426751592356,
        "INVALID": 0,
        "MALICIOUS": 0,
        "SANE": 0,
        "VALID": 0,
        "total": 100.39941298394783
    }
}