{
    "counter": {
        "ACTIVE": 3223,
        "INACTIVE": 2,
        "INVALID": 0,
        "MALICIOUS": 0,
        "SANE": 0,
        "VALID": 0,
        "total": 3225
    },
    "percentage": {
        "ACTIVE": 99.93798449612403,
        "INACTIVE": 0.2656042496679947,
        "INVALID": 0,
        "MALICIOUS": 0,
        "SANE": 0,
        "VALID": 0,
        "total": 100.20358874579203
    }
}