{
    "counter": {
        "ACTIVE": 427,
        "INACTIVE": 2,
        "INVALID": 0,
        "MALICIOUS": 0,
        "SANE": 0,
        "VALID": 0,
        "total": 429
    },
    "percentage": {
        "ACTIVE": 99.53379953379954,
        "INACTIVE": 1.4814814814814814,
        "INVALID": 0,
        "MALICIOUS": 0,
        "SANE": 0,
        "VALID": 0,
        "total": 101.01528101528102
    }
}