{
    "counter": {
        "ACTIVE": 3621,
        "INACTIVE": 1,
        "INVALID": 0,
        "MALICIOUS": 0,
        "SANE": 0,
        "VALID": 0,
        "total": 3622
    },
    "percentage": {
        "ACTIVE": 99.9723909442297,
        "INACTIVE": 0.1457725947521866,
        "INVALID": 0,
        "MALICIOUS": 0,
        "SANE": 0,
        "VALID": 0,
        "total": 100.11816353898189
    }
}