{
    "counter": {
        "ACTIVE": 3045,
        "INACTIVE": 2,
        "INVALID": 0,
        "MALICIOUS": 0,
        "SANE": 0,
        "VALID": 0,
        "total": 3047
    },
    "percentage": {
        "ACTIVE": 99.93436166721365,
        "INACTIVE": 0.2656042496679947,
        "INVALID": 0,
        "MALICIOUS": 0,
        "SANE": 0,
        "VALID": 0,
        "total": 100.19996591688165
    }
}