{
    "counter": {
        "ACTIVE": 2122,
        "INACTIVE": 2,
        "INVALID": 0,
        "MALICIOUS": 0,
        "SANE": 0,
        "VALID": 0,
        "total": 2124
    },
    "percentage": {
        "ACTIVE": 99.90583804143127,
        "INACTIVE": 1.4814814814814814,
        "INVALID": 0,
        "MALICIOUS": 0,
        "SANE": 0,
        "VALID": 0,
        "total": 101.38731952291275
    }
}