{
    "counter": {
        "ACTIVE": 3086,
        "INACTIVE": 2,
        "INVALID": 0,
        "MALICIOUS": 0,
        "SANE": 0,
        "VALID": 0,
        "total": 3088
    },
    "percentage": {
        "ACTIVE": 99.93523316062176,
        "INACTIVE": 0.06548788474132286,
        "INVALID": 0,
        "MALICIOUS": 0,
        "SANE": 0,
        "VALID": 0,
        "total": 100.00072104536308
    }
}