{
    "counter": {
        "ACTIVE": 570,
        "INACTIVE": 1,
        "INVALID": 0,
        "MALICIOUS": 0,
        "SANE": 0,
        "VALID": 0,
        "total": 571
    },
    "percentage": {
        "ACTIVE": 99.82486865148861,
        "INACTIVE": 0.17985611510791366,
        "INVALID": 0,
        "MALICIOUS": 0,
        "SANE": 0,
        "VALID": 0,
        "total": 100.00472476659652
    }
}