{
    "counter": {
        "ACTIVE": 3259,
        "INACTIVE": 3,
        "INVALID": 0,
        "MALICIOUS": 0,
        "SANE": 0,
        "VALID": 0,
        "total": 3262
    },
    "percentage": {
        "ACTIVE": 99.90803188228081,
        "INACTIVE": 0.20161290322580644,
        "INVALID": 0,
        "MALICIOUS": 0,
        "SANE": 0,
        "VALID": 0,
        "total": 100.10964478550662
    }
}