{
    "counter": {
        "ACTIVE": 3734,
        "INACTIVE": 1,
        "INVALID": 0,
        "MALICIOUS": 0,
        "SANE": 0,
        "VALID": 0,
        "total": 3735
    },
    "percentage": {
        "ACTIVE": 99.97322623828649,
        "INACTIVE": 0.06798096532970768,
        "INVALID": 0,
        "MALICIOUS": 0,
        "SANE": 0,
        "VALID": 0,
        "total": 100.0412072036162
    }
}