{
    "counter": {
        "ACTIVE": 1811,
        "INACTIVE": 1,
        "INVALID": 0,
        "MALICIOUS": 0,
        "SANE": 0,
        "VALID": 0,
        "total": 1812
    },
    "percentage": {
        "ACTIVE": 99.9448123620309,
        "INACTIVE": 0.12360939431396786,
        "INVALID": 0,
        "MALICIOUS": 0,
        "SANE": 0,
        "VALID": 0,
        "total": 100.06842175634488
    }
}