{
    "counter": {
        "ACTIVE": 1165,
        "INACTIVE": 1,
        "INVALID": 0,
        "MALICIOUS": 0,
        "SANE": 0,
        "VALID": 0,
        "total": 1166
    },
    "percentage": {
        "ACTIVE": 99.91423670668954,
        "INACTIVE": 0.6289308176100629,
        "INVALID": 0,
        "MALICIOUS": 0,
        "SANE": 0,
        "VALID": 0,
        "total": 100.5431675242996
    }
}