{
    "counter": {
        "ACTIVE": 2893,
        "INACTIVE": 1,
        "INVALID": 0,
        "MALICIOUS": 0,
        "SANE": 0,
        "VALID": 0,
        "total": 2894
    },
    "percentage": {
        "ACTIVE": 99.96544574982723,
        "INACTIVE": 0.036127167630057806,
        "INVALID": 0,
        "MALICIOUS": 0,
        "SANE": 0,
        "VALID": 0,
        "total": 100.00157291745728
    }
}