{
    "counter": {
        "ACTIVE": 3389,
        "INACTIVE": 1,
        "INVALID": 0,
        "MALICIOUS": 0,
        "SANE": 0,
        "VALID": 0,
        "total": 3390
    },
    "percentage": {
        "ACTIVE": 99.97050147492625,
        "INACTIVE": 0.1579778830963665,
        "INVALID": 0,
        "MALICIOUS": 0,
        "SANE": 0,
        "VALID": 0,
        "total": 100.12847935802262
    }
}