{
    "counter": {
        "ACTIVE": 3069,
        "INACTIVE": 3,
        "INVALID": 0,
        "MALICIOUS": 0,
        "SANE": 0,
        "VALID": 0,
        "total": 3072
    },
    "percentage": {
        "ACTIVE": 99.90234375,
        "INACTIVE": 0.3054989816700611,
        "INVALID": 0,
        "MALICIOUS": 0,
        "SANE": 0,
        "VALID": 0,
        "total": 100.20784273167006
    }
}