{
    "counter": {
        "ACTIVE": 2829,
        "INACTIVE": 1,
        "INVALID": 0,
        "MALICIOUS": 0,
        "SANE": 0,
        "VALID": 0,
        "total": 2830
    },
    "percentage": {
        "ACTIVE": 99.96466431095406,
        "INACTIVE": 0.1579778830963665,
        "INVALID": 0,
        "MALICIOUS": 0,
        "SANE": 0,
        "VALID": 0,
        "total": 100.12264219405043
    }
}