{
    "counter": {
        "ACTIVE": 3665,
        "INACTIVE": 3,
        "INVALID": 0,
        "MALICIOUS": 0,
        "SANE": 0,
        "VALID": 0,
        "total": 3668
    },
    "percentage": {
        "ACTIVE": 99.91821155943293,
        "INACTIVE": 0.11312217194570136,
        "INVALID": 0,
        "MALICIOUS": 0,
        "SANE": 0,
        "VALID": 0,
        "total": 100.03133373137864
    }
}