{
    "counter": {
        "ACTIVE": 2669,
        "INACTIVE": 1,
        "INVALID": 0,
        "MALICIOUS": 0,
        "SANE": 0,
        "VALID": 0,
        "total": 2670
    },
    "percentage": {
        "ACTIVE": 99.9625468164794,
        "INACTIVE": 0.20040080160320642,
        "INVALID": 0,
        "MALICIOUS": 0,
        "SANE": 0,
        "VALID": 0,
        "total": 100.16294761808261
    }
}