{
    "counter": {
        "ACTIVE": 849,
        "INACTIVE": 1,
        "INVALID": 0,
        "MALICIOUS": 0,
        "SANE": 0,
        "VALID": 0,
        "total": 850
    },
    "percentage": {
        "ACTIVE": 99.88235294117646,
        "INACTIVE": 0.6289308176100629,
        "INVALID": 0,
        "MALICIOUS": 0,
        "SANE": 0,
        "VALID": 0,
        "total": 100.51128375878653
    }
}