{
    "counter": {
        "ACTIVE": 3579,
        "INACTIVE": 1,
        "INVALID": 0,
        "MALICIOUS": 0,
        "SANE": 0,
        "VALID": 0,
        "total": 3580
    },
    "percentage": {
        "ACTIVE": 99.97206703910615,
        "INACTIVE": 0.2079002079002079,
        "INVALID": 0,
        "MALICIOUS": 0,
        "SANE": 0,
        "VALID": 0,
        "total": 100.17996724700636
    }
}