{
    "counter": {
        "ACTIVE": 3505,
        "INACTIVE": 1,
        "INVALID": 0,
        "MALICIOUS": 0,
        "SANE": 0,
        "VALID": 0,
        "total": 3506
    },
    "percentage": {
        "ACTIVE": 99.9714774671991,
        "INACTIVE": 0.12360939431396786,
        "INVALID": 0,
        "MALICIOUS": 0,
        "SANE": 0,
        "VALID": 0,
        "total": 100.09508686151307
    }
}