{
    "counter": {
        "ACTIVE": 3654,
        "INACTIVE": 1,
        "INVALID": 0,
        "MALICIOUS": 0,
        "SANE": 0,
        "VALID": 0,
        "total": 3655
    },
    "percentage": {
        "ACTIVE": 99.97264021887825,
        "INACTIVE": 0.12285012285012285,
        "INVALID": 0,
        "MALICIOUS": 0,
        "SANE": 0,
        "VALID": 0,
        "total": 100.09549034172838
    }
}