{
    "counter": {
        "ACTIVE": 742,
        "INACTIVE": 8,
        "INVALID": 0,
        "MALICIOUS": 0,
        "SANE": 0,
        "VALID": 0,
        "total": 750
    },
    "percentage": {
        "ACTIVE": 98.93333333333334,
        "INACTIVE": 1.1904761904761905,
        "INVALID": 0,
        "MALICIOUS": 0,
        "SANE": 0,
        "VALID": 0,
        "total": 100.12380952380953
    }
}