{
    "counter": {
        "ACTIVE": 919,
        "INACTIVE": 1,
        "INVALID": 0,
        "MALICIOUS": 0,
        "SANE": 0,
        "VALID": 0,
        "total": 920
    },
    "percentage": {
        "ACTIVE": 99.8913043478261,
        "INACTIVE": 0.23696682464454977,
        "INVALID": 0,
        "MALICIOUS": 0,
        "SANE": 0,
        "VALID": 0,
        "total": 100.12827117247065
    }
}