{
    "counter": {
        "ACTIVE": 3062,
        "INACTIVE": 1,
        "INVALID": 0,
        "MALICIOUS": 0,
        "SANE": 0,
        "VALID": 0,
        "total": 3063
    },
    "percentage": {
        "ACTIVE": 99.9673522690173,
        "INACTIVE": 0.20040080160320642,
        "INVALID": 0,
        "MALICIOUS": 0,
        "SANE": 0,
        "VALID": 0,
        "total": 100.1677530706205
    }
}