{
    "counter": {
        "ACTIVE": 3573,
        "INACTIVE": 1,
        "INVALID": 0,
        "MALICIOUS": 0,
        "SANE": 0,
        "VALID": 0,
        "total": 3574
    },
    "percentage": {
        "ACTIVE": 99.97202014549525,
        "INACTIVE": 0.13908205841446453,
        "INVALID": 0,
        "MALICIOUS": 0,
        "SANE": 0,
        "VALID": 0,
        "total": 100.11110220390971
    }
}