{
    "counter": {
        "ACTIVE": 2799,
        "INACTIVE": 1,
        "INVALID": 0,
        "MALICIOUS": 0,
        "SANE": 0,
        "VALID": 0,
        "total": 2800
    },
    "percentage": {
        "ACTIVE": 99.96428571428571,
        "INACTIVE": 0.5747126436781609,
        "INVALID": 0,
        "MALICIOUS": 0,
        "SANE": 0,
        "VALID": 0,
        "total": 100.53899835796386
    }
}