{
    "counter": {
        "ACTIVE": 2513,
        "INACTIVE": 1,
        "INVALID": 0,
        "MALICIOUS": 0,
        "SANE": 0,
        "VALID": 0,
        "total": 2514
    },
    "percentage": {
        "ACTIVE": 99.96022275258552,
        "INACTIVE": 0.0856898029134533,
        "INVALID": 0,
        "MALICIOUS": 0,
        "SANE": 0,
        "VALID": 0,
        "total": 100.04591255549897
    }
}