{
    "counter": {
        "ACTIVE": 2828,
        "INACTIVE": 1,
        "INVALID": 0,
        "MALICIOUS": 0,
        "SANE": 0,
        "VALID": 0,
        "total": 2829
    },
    "percentage": {
        "ACTIVE": 99.96465182043124,
        "INACTIVE": 0.035650623885918005,
        "INVALID": 0,
        "MALICIOUS": 0,
        "SANE": 0,
        "VALID": 0,
        "total": 100.00030244431716
    }
}