{
    "counter": {
        "ACTIVE": 415,
        "INACTIVE": 1,
        "INVALID": 0,
        "MALICIOUS": 0,
        "SANE": 0,
        "VALID": 0,
        "total": 416
    },
    "percentage": {
        "ACTIVE": 99.75961538461539,
        "INACTIVE": 0.7518796992481203,
        "INVALID": 0,
        "MALICIOUS": 0,
        "SANE": 0,
        "VALID": 0,
        "total": 100.51149508386351
    }
}