{
    "counter": {
        "ACTIVE": 900,
        "INACTIVE": 1,
        "INVALID": 0,
        "MALICIOUS": 0,
        "SANE": 0,
        "VALID": 0,
        "total": 901
    },
    "percentage": {
        "ACTIVE": 99.88901220865705,
        "INACTIVE": 0.2028397565922921,
        "INVALID": 0,
        "MALICIOUS": 0,
        "SANE": 0,
        "VALID": 0,
        "total": 100.09185196524935
    }
}