{
    "counter": {
        "ACTIVE": 1809,
        "INACTIVE": 1,
        "INVALID": 0,
        "MALICIOUS": 0,
        "SANE": 0,
        "VALID": 0,
        "total": 1810
    },
    "percentage": {
        "ACTIVE": 99.94475138121547,
        "INACTIVE": 0.6622516556291391,
        "INVALID": 0,
        "MALICIOUS": 0,
        "SANE": 0,
        "VALID": 0,
        "total": 100.6070030368446
    }
}