{
    "counter": {
        "ACTIVE": 2046,
        "INACTIVE": 9,
        "INVALID": 0,
        "MALICIOUS": 0,
        "SANE": 0,
        "VALID": 0,
        "total": 2055
    },
    "percentage": {
        "ACTIVE": 99.56204379562044,
        "INACTIVE": 0.46439628482972134,
        "INVALID": 0,
        "MALICIOUS": 0,
        "SANE": 0,
        "VALID": 0,
        "total": 100.02644008045016
    }
}