{
    "counter": {
        "ACTIVE": 1111,
        "INACTIVE": 2,
        "INVALID": 0,
        "MALICIOUS": 0,
        "SANE": 0,
        "VALID": 0,
        "total": 1113
    },
    "percentage": {
        "ACTIVE": 99.82030548068283,
        "INACTIVE": 0.2695417789757412,
        "INVALID": 0,
        "MALICIOUS": 0,
        "SANE": 0,
        "VALID": 0,
        "total": 100.08984725965857
    }
}