{
    "counter": {
        "ACTIVE": 2478,
        "INACTIVE": 1,
        "INVALID": 0,
        "MALICIOUS": 0,
        "SANE": 0,
        "VALID": 0,
        "total": 2479
    },
    "percentage": {
        "ACTIVE": 99.959661153691,
        "INACTIVE": 0.6622516556291391,
        "INVALID": 0,
        "MALICIOUS": 0,
        "SANE": 0,
        "VALID": 0,
        "total": 100.62191280932014
    }
}