{
    "counter": {
        "ACTIVE": 2183,
        "INACTIVE": 1,
        "INVALID": 0,
        "MALICIOUS": 0,
        "SANE": 0,
        "VALID": 0,
        "total": 2184
    },
    "percentage": {
        "ACTIVE": 99.95421245421245,
        "INACTIVE": 1.0309278350515463,
        "INVALID": 0,
        "MALICIOUS": 0,
        "SANE": 0,
        "VALID": 0,
        "total": 100.985140289264
    }
}