{
    "counter": {
        "ACTIVE": 3092,
        "INACTIVE": 1,
        "INVALID": 0,
        "MALICIOUS": 0,
        "SANE": 0,
        "VALID": 0,
        "total": 3093
    },
    "percentage": {
        "ACTIVE": 99.96766892984158,
        "INACTIVE": 0.046189376443418015,
        "INVALID": 0,
        "MALICIOUS": 0,
        "SANE": 0,
        "VALID": 0,
        "total": 100.013858306285
    }
}