{
    "counter": {
        "ACTIVE": 2849,
        "INACTIVE": 1,
        "INVALID": 0,
        "MALICIOUS": 0,
        "SANE": 0,
        "VALID": 0,
        "total": 2850
    },
    "percentage": {
        "ACTIVE": 99.96491228070175,
        "INACTIVE": 0.037778617302606725,
        "INVALID": 0,
        "MALICIOUS": 0,
        "SANE": 0,
        "VALID": 0,
        "total": 100.00269089800436
    }
}