{
    "counter": {
        "ACTIVE": 1856,
        "INACTIVE": 1,
        "INVALID": 0,
        "MALICIOUS": 0,
        "SANE": 0,
        "VALID": 0,
        "total": 1857
    },
    "percentage": {
        "ACTIVE": 99.94614970382337,
        "INACTIVE": 0.1890359168241966,
        "INVALID": 0,
        "MALICIOUS": 0,
        "SANE": 0,
        "VALID": 0,
        "total": 100.13518562064756
    }
}