{
    "counter": {
        "ACTIVE": 3572,
        "INACTIVE": 1,
        "INVALID": 0,
        "MALICIOUS": 0,
        "SANE": 0,
        "VALID": 0,
        "total": 3573
    },
    "percentage": {
        "ACTIVE": 99.97201231458159,
        "INACTIVE": 0.09671179883945841,
        "INVALID": 0,
        "MALICIOUS": 0,
        "SANE": 0,
        "VALID": 0,
        "total": 100.06872411342106
    }
}