{
    "counter": {
        "ACTIVE": 2202,
        "INACTIVE": 1,
        "INVALID": 0,
        "MALICIOUS": 0,
        "SANE": 0,
        "VALID": 0,
        "total": 2203
    },
    "percentage": {
        "ACTIVE": 99.95460735360872,
        "INACTIVE": 0.1890359168241966,
        "INVALID": 0,
        "MALICIOUS": 0,
        "SANE": 0,
        "VALID": 0,
        "total": 100.14364327043292
    }
}