{
    "counter": {
        "ACTIVE": 3659,
        "INACTIVE": 8,
        "INVALID": 0,
        "MALICIOUS": 0,
        "SANE": 0,
        "VALID": 0,
        "total": 3667
    },
    "percentage": {
        "ACTIVE": 99.78183801472593,
        "INACTIVE": 0.7414272474513438,
        "INVALID": 0,
        "MALICIOUS": 0,
        "SANE": 0,
        "VALID": 0,
        "total": 100.52326526217728
    }
}