{
    "counter": {
        "ACTIVE": 1720,
        "INACTIVE": 1,
        "INVALID": 0,
        "MALICIOUS": 0,
        "SANE": 0,
        "VALID": 0,
        "total": 1721
    },
    "percentage": {
        "ACTIVE": 99.9418942475305,
        "INACTIVE": 0.2079002079002079,
        "INVALID": 0,
        "MALICIOUS": 0,
        "SANE": 0,
        "VALID": 0,
        "total": 100.14979445543071
    }
}