{
    "counter": {
        "ACTIVE": 2663,
        "INACTIVE": 1,
        "INVALID": 0,
        "MALICIOUS": 0,
        "SANE": 0,
        "VALID": 0,
        "total": 2664
    },
    "percentage": {
        "ACTIVE": 99.96246246246247,
        "INACTIVE": 0.08396305625524769,
        "INVALID": 0,
        "MALICIOUS": 0,
        "SANE": 0,
        "VALID": 0,
        "total": 100.04642551871771
    }
}