{
    "counter": {
        "ACTIVE": 1928,
        "INACTIVE": 1,
        "INVALID": 0,
        "MALICIOUS": 0,
        "SANE": 0,
        "VALID": 0,
        "total": 1929
    },
    "percentage": {
        "ACTIVE": 99.94815966822188,
        "INACTIVE": 0.2079002079002079,
        "INVALID": 0,
        "MALICIOUS": 0,
        "SANE": 0,
        "VALID": 0,
        "total": 100.15605987612209
    }
}