{
    "counter": {
        "ACTIVE": 2689,
        "INACTIVE": 3,
        "INVALID": 0,
        "MALICIOUS": 0,
        "SANE": 0,
        "VALID": 0,
        "total": 2692
    },
    "percentage": {
        "ACTIVE": 99.888558692422,
        "INACTIVE": 0.3054989816700611,
        "INVALID": 0,
        "MALICIOUS": 0,
        "SANE": 0,
        "VALID": 0,
        "total": 100.19405767409205
    }
}