{
    "counter": {
        "ACTIVE": 2041,
        "INACTIVE": 1,
        "INVALID": 0,
        "MALICIOUS": 0,
        "SANE": 0,
        "VALID": 0,
        "total": 2042
    },
    "percentage": {
        "ACTIVE": 99.95102840352595,
        "INACTIVE": 0.5988023952095808,
        "INVALID": 0,
        "MALICIOUS": 0,
        "SANE": 0,
        "VALID": 0,
        "total": 100.54983079873553
    }
}