{
    "counter": {
        "ACTIVE": 2310,
        "INACTIVE": 3,
        "INVALID": 0,
        "MALICIOUS": 0,
        "SANE": 0,
        "VALID": 0,
        "total": 2313
    },
    "percentage": {
        "ACTIVE": 99.87029831387808,
        "INACTIVE": 0.20161290322580644,
        "INVALID": 0,
        "MALICIOUS": 0,
        "SANE": 0,
        "VALID": 0,
        "total": 100.07191121710389
    }
}