{
    "counter": {
        "ACTIVE": 3090,
        "INACTIVE": 1,
        "INVALID": 0,
        "MALICIOUS": 0,
        "SANE": 0,
        "VALID": 0,
        "total": 3091
    },
    "percentage": {
        "ACTIVE": 99.96764801035263,
        "INACTIVE": 0.1457725947521866,
        "INVALID": 0,
        "MALICIOUS": 0,
        "SANE": 0,
        "VALID": 0,
        "total": 100.11342060510482
    }
}