{
    "counter": {
        "ACTIVE": 2332,
        "INACTIVE": 11,
        "INVALID": 0,
        "MALICIOUS": 0,
        "SANE": 0,
        "VALID": 0,
        "total": 2343
    },
    "percentage": {
        "ACTIVE": 99.53051643192488,
        "INACTIVE": 0.4873726185201595,
        "INVALID": 0,
        "MALICIOUS": 0,
        "SANE": 0,
        "VALID": 0,
        "total": 100.01788905044504
    }
}