{
    "counter": {
        "ACTIVE": 1733,
        "INACTIVE": 1,
        "INVALID": 0,
        "MALICIOUS": 0,
        "SANE": 0,
        "VALID": 0,
        "total": 1734
    },
    "percentage": {
        "ACTIVE": 99.94232987312571,
        "INACTIVE": 0.08396305625524769,
        "INVALID": 0,
        "MALICIOUS": 0,
        "SANE": 0,
        "VALID": 0,
        "total": 100.02629292938096
    }
}