{
    "counter": {
        "ACTIVE": 1122,
        "INACTIVE": 3,
        "INVALID": 0,
        "MALICIOUS": 0,
        "SANE": 0,
        "VALID": 0,
        "total": 1125
    },
    "percentage": {
        "ACTIVE": 99.73333333333333,
        "INACTIVE": 0.3464203233256351,
        "INVALID": 0,
        "MALICIOUS": 0,
        "SANE": 0,
        "VALID": 0,
        "total": 100.07975365665897
    }
}