{
    "counter": {
        "ACTIVE": 545,
        "INACTIVE": 1,
        "INVALID": 0,
        "MALICIOUS": 0,
        "SANE": 0,
        "VALID": 0,
        "total": 546
    },
    "percentage": {
        "ACTIVE": 99.81684981684981,
        "INACTIVE": 0.1926782273603083,
        "INVALID": 0,
        "MALICIOUS": 0,
        "SANE": 0,
        "VALID": 0,
        "total": 100.00952804421011
    }
}