{
    "counter": {
        "ACTIVE": 2822,
        "INACTIVE": 3,
        "INVALID": 0,
        "MALICIOUS": 0,
        "SANE": 0,
        "VALID": 0,
        "total": 2825
    },
    "percentage": {
        "ACTIVE": 99.89380530973452,
        "INACTIVE": 0.1236603462489695,
        "INVALID": 0,
        "MALICIOUS": 0,
        "SANE": 0,
        "VALID": 0,
        "total": 100.01746565598349
    }
}