{
    "counter": {
        "ACTIVE": 2905,
        "INACTIVE": 1,
        "INVALID": 0,
        "MALICIOUS": 0,
        "SANE": 0,
        "VALID": 0,
        "total": 2906
    },
    "percentage": {
        "ACTIVE": 99.96558843771507,
        "INACTIVE": 0.14084507042253522,
        "INVALID": 0,
        "MALICIOUS": 0,
        "SANE": 0,
        "VALID": 0,
        "total": 100.1064335081376
    }
}