{
    "counter": {
        "ACTIVE": 2294,
        "INACTIVE": 1,
        "INVALID": 0,
        "MALICIOUS": 0,
        "SANE": 0,
        "VALID": 0,
        "total": 2295
    },
    "percentage": {
        "ACTIVE": 99.95642701525054,
        "INACTIVE": 0.24813895781637718,
        "INVALID": 0,
        "MALICIOUS": 0,
        "SANE": 0,
        "VALID": 0,
        "total": 100.20456597306692
    }
}