{
    "counter": {
        "ACTIVE": 541,
        "INACTIVE": 1,
        "INVALID": 0,
        "MALICIOUS": 0,
        "SANE": 0,
        "VALID": 0,
        "total": 542
    },
    "percentage": {
        "ACTIVE": 99.81549815498155,
        "INACTIVE": 0.24813895781637718,
        "INVALID": 0,
        "MALICIOUS": 0,
        "SANE": 0,
        "VALID": 0,
        "total": 100.06363711279793
    }
}