{
    "counter": {
        "ACTIVE": 2850,
        "INACTIVE": 2,
        "INVALID": 0,
        "MALICIOUS": 0,
        "SANE": 0,
        "VALID": 0,
        "total": 2852
    },
    "percentage": {
        "ACTIVE": 99.92987377279103,
        "INACTIVE": 1.2048192771084338,
        "INVALID": 0,
        "MALICIOUS": 0,
        "SANE": 0,
        "VALID": 0,
        "total": 101.13469304989945
    }
}