{
    "counter": {
        "ACTIVE": 2381,
        "INACTIVE": 1,
        "INVALID": 0,
        "MALICIOUS": 0,
        "SANE": 0,
        "VALID": 0,
        "total": 2382
    },
    "percentage": {
        "ACTIVE": 99.95801847187238,
        "INACTIVE": 0.12269938650306748,
        "INVALID": 0,
        "MALICIOUS": 0,
        "SANE": 0,
        "VALID": 0,
        "total": 100.08071785837545
    }
}