{
    "counter": {
        "ACTIVE": 3619,
        "INACTIVE": 1,
        "INVALID": 0,
        "MALICIOUS": 0,
        "SANE": 0,
        "VALID": 0,
        "total": 3620
    },
    "percentage": {
        "ACTIVE": 99.97237569060773,
        "INACTIVE": 0.0353356890459364,
        "INVALID": 0,
        "MALICIOUS": 0,
        "SANE": 0,
        "VALID": 0,
        "total": 100.00771137965367
    }
}