{
    "counter": {
        "ACTIVE": 3283,
        "INACTIVE": 1,
        "INVALID": 0,
        "MALICIOUS": 0,
        "SANE": 0,
        "VALID": 0,
        "total": 3284
    },
    "percentage": {
        "ACTIVE": 99.96954933008526,
        "INACTIVE": 0.1457725947521866,
        "INVALID": 0,
        "MALICIOUS": 0,
        "SANE": 0,
        "VALID": 0,
        "total": 100.11532192483745
    }
}