{
    "counter": {
        "ACTIVE": 1089,
        "INACTIVE": 1,
        "INVALID": 0,
        "MALICIOUS": 0,
        "SANE": 0,
        "VALID": 0,
        "total": 1090
    },
    "percentage": {
        "ACTIVE": 99.90825688073394,
        "INACTIVE": 0.12285012285012285,
        "INVALID": 0,
        "MALICIOUS": 0,
        "SANE": 0,
        "VALID": 0,
        "total": 100.03110700358407
    }
}