{
    "counter": {
        "ACTIVE": 3038,
        "INACTIVE": 1,
        "INVALID": 0,
        "MALICIOUS": 0,
        "SANE": 0,
        "VALID": 0,
        "total": 3039
    },
    "percentage": {
        "ACTIVE": 99.96709443896019,
        "INACTIVE": 0.08605851979345955,
        "INVALID": 0,
        "MALICIOUS": 0,
        "SANE": 0,
        "VALID": 0,
        "total": 100.05315295875364
    }
}