{
    "counter": {
        "ACTIVE": 1458,
        "INACTIVE": 1,
        "INVALID": 0,
        "MALICIOUS": 0,
        "SANE": 0,
        "VALID": 0,
        "total": 1459
    },
    "percentage": {
        "ACTIVE": 99.93145990404386,
        "INACTIVE": 0.15360983102918588,
        "INVALID": 0,
        "MALICIOUS": 0,
        "SANE": 0,
        "VALID": 0,
        "total": 100.08506973507305
    }
}