{
    "counter": {
        "ACTIVE": 2844,
        "INACTIVE": 1,
        "INVALID": 0,
        "MALICIOUS": 0,
        "SANE": 0,
        "VALID": 0,
        "total": 2845
    },
    "percentage": {
        "ACTIVE": 99.96485061511423,
        "INACTIVE": 0.13831258644536654,
        "INVALID": 0,
        "MALICIOUS": 0,
        "SANE": 0,
        "VALID": 0,
        "total": 100.1031632015596
    }
}