{
    "counter": {
        "ACTIVE": 3666,
        "INACTIVE": 1,
        "INVALID": 0,
        "MALICIOUS": 0,
        "SANE": 0,
        "VALID": 0,
        "total": 3667
    },
    "percentage": {
        "ACTIVE": 99.97272975184075,
        "INACTIVE": 1.0309278350515463,
        "INVALID": 0,
        "MALICIOUS": 0,
        "SANE": 0,
        "VALID": 0,
        "total": 101.00365758689229
    }
}