{
    "counter": {
        "ACTIVE": 1022,
        "INACTIVE": 8,
        "INVALID": 0,
        "MALICIOUS": 0,
        "SANE": 0,
        "VALID": 0,
        "total": 1030
    },
    "percentage": {
        "ACTIVE": 99.22330097087378,
        "INACTIVE": 1.1904761904761905,
        "INVALID": 0,
        "MALICIOUS": 0,
        "SANE": 0,
        "VALID": 0,
        "total": 100.41377716134997
    }
}