{
    "counter": {
        "ACTIVE": 3738,
        "INACTIVE": 1,
        "INVALID": 0,
        "MALICIOUS": 0,
        "SANE": 0,
        "VALID": 0,
        "total": 3739
    },
    "percentage": {
        "ACTIVE": 99.97325488098421,
        "INACTIVE": 0.03363605785401951,
        "INVALID": 0,
        "MALICIOUS": 0,
        "SANE": 0,
        "VALID": 0,
        "total": 100.00689093883824
    }
}