{
    "counter": {
        "ACTIVE": 556,
        "INACTIVE": 1,
        "INVALID": 0,
        "MALICIOUS": 0,
        "SANE": 0,
        "VALID": 0,
        "total": 557
    },
    "percentage": {
        "ACTIVE": 99.82046678635548,
        "INACTIVE": 0.5747126436781609,
        "INVALID": 0,
        "MALICIOUS": 0,
        "SANE": 0,
        "VALID": 0,
        "total": 100.39517943003364
    }
}