{
    "counter": {
        "ACTIVE": 1883,
        "INACTIVE": 1,
        "INVALID": 0,
        "MALICIOUS": 0,
        "SANE": 0,
        "VALID": 0,
        "total": 1884
    },
    "percentage": {
        "ACTIVE": 99.94692144373673,
        "INACTIVE": 0.2028397565922921,
        "INVALID": 0,
        "MALICIOUS": 0,
        "SANE": 0,
        "VALID": 0,
        "total": 100.14976120032902
    }
}