{
    "counter": {
        "ACTIVE": 2509,
        "INACTIVE": 1,
        "INVALID": 0,
        "MALICIOUS": 0,
        "SANE": 0,
        "VALID": 0,
        "total": 2510
    },
    "percentage": {
        "ACTIVE": 99.9601593625498,
        "INACTIVE": 0.13531799729364005,
        "INVALID": 0,
        "MALICIOUS": 0,
        "SANE": 0,
        "VALID": 0,
        "total": 100.09547735984344
    }
}