{
    "counter": {
        "ACTIVE": 1383,
        "INACTIVE": 2,
        "INVALID": 0,
        "MALICIOUS": 0,
        "SANE": 0,
        "VALID": 0,
        "total": 1385
    },
    "percentage": {
        "ACTIVE": 99.85559566787003,
        "INACTIVE": 1.2048192771084338,
        "INVALID": 0,
        "MALICIOUS": 0,
        "SANE": 0,
        "VALID": 0,
        "total": 101.06041494497846
    }
}