{
    "counter": {
        "ACTIVE": 1554,
        "INACTIVE": 1,
        "INVALID": 0,
        "MALICIOUS": 0,
        "SANE": 0,
        "VALID": 0,
        "total": 1555
    },
    "percentage": {
        "ACTIVE": 99.93569131832797,
        "INACTIVE": 0.2079002079002079,
        "INVALID": 0,
        "MALICIOUS": 0,
        "SANE": 0,
        "VALID": 0,
        "total": 100.14359152622818
    }
}