{
    "counter": {
        "ACTIVE": 2517,
        "INACTIVE": 3,
        "INVALID": 0,
        "MALICIOUS": 0,
        "SANE": 0,
        "VALID": 0,
        "total": 2520
    },
    "percentage": {
        "ACTIVE": 99.88095238095238,
        "INACTIVE": 0.3054989816700611,
        "INVALID": 0,
        "MALICIOUS": 0,
        "SANE": 0,
        "VALID": 0,
        "total": 100.18645136262244
    }
}