{
    "counter": {
        "ACTIVE": 1403,
        "INACTIVE": 3,
        "INVALID": 0,
        "MALICIOUS": 0,
        "SANE": 0,
        "VALID": 0,
        "total": 1406
    },
    "percentage": {
        "ACTIVE": 99.78662873399716,
        "INACTIVE": 0.3054989816700611,
        "INVALID": 0,
        "MALICIOUS": 0,
        "SANE": 0,
        "VALID": 0,
        "total": 100.09212771566722
    }
}