{
    "counter": {
        "ACTIVE": 3650,
        "INACTIVE": 2,
        "INVALID": 0,
        "MALICIOUS": 0,
        "SANE": 0,
        "VALID": 0,
        "total": 3652
    },
    "percentage": {
        "ACTIVE": 99.94523548740416,
        "INACTIVE": 0.06548788474132286,
        "INVALID": 0,
        "MALICIOUS": 0,
        "SANE": 0,
        "VALID": 0,
        "total": 100.01072337214548
    }
}