{
    "counter": {
        "ACTIVE": 1391,
        "INACTIVE": 1,
        "INVALID": 0,
        "MALICIOUS": 0,
        "SANE": 0,
        "VALID": 0,
        "total": 1392
    },
    "percentage": {
        "ACTIVE": 99.92816091954023,
        "INACTIVE": 0.24813895781637718,
        "INVALID": 0,
        "MALICIOUS": 0,
        "SANE": 0,
        "VALID": 0,
        "total": 100.17629987735661
    }
}