{
    "counter": {
        "ACTIVE": 1853,
        "INACTIVE": 1,
        "INVALID": 0,
        "MALICIOUS": 0,
        "SANE": 0,
        "VALID": 0,
        "total": 1854
    },
    "percentage": {
        "ACTIVE": 99.94606256742179,
        "INACTIVE": 0.06361323155216285,
        "INVALID": 0,
        "MALICIOUS": 0,
        "SANE": 0,
        "VALID": 0,
        "total": 100.00967579897396
    }
}