{
    "counter": {
        "ACTIVE": 3067,
        "INACTIVE": 2,
        "INVALID": 0,
        "MALICIOUS": 0,
        "SANE": 0,
        "VALID": 0,
        "total": 3069
    },
    "percentage": {
        "ACTIVE": 99.9348321928967,
        "INACTIVE": 0.0676132521974307,
        "INVALID": 0,
        "MALICIOUS": 0,
        "SANE": 0,
        "VALID": 0,
        "total": 100.00244544509414
    }
}