{
    "counter": {
        "ACTIVE": 553,
        "INACTIVE": 2,
        "INVALID": 0,
        "MALICIOUS": 0,
        "SANE": 0,
        "VALID": 0,
        "total": 555
    },
    "percentage": {
        "ACTIVE": 99.63963963963964,
        "INACTIVE": 0.3913894324853229,
        "INVALID": 0,
        "MALICIOUS": 0,
        "SANE": 0,
        "VALID": 0,
        "total": 100.03102907212497
    }
}