{
    "counter": {
        "ACTIVE": 3609,
        "INACTIVE": 1,
        "INVALID": 0,
        "MALICIOUS": 0,
        "SANE": 0,
        "VALID": 0,
        "total": 3610
    },
    "percentage": {
        "ACTIVE": 99.97229916897507,
        "INACTIVE": 0.24813895781637718,
        "INVALID": 0,
        "MALICIOUS": 0,
        "SANE": 0,
        "VALID": 0,
        "total": 100.22043812679145
    }
}