{
    "counter": {
        "ACTIVE": 3571,
        "INACTIVE": 2,
        "INVALID": 0,
        "MALICIOUS": 0,
        "SANE": 0,
        "VALID": 0,
        "total": 3573
    },
    "percentage": {
        "ACTIVE": 99.94402462916317,
        "INACTIVE": 0.13271400132714,
        "INVALID": 0,
        "MALICIOUS": 0,
        "SANE": 0,
        "VALID": 0,
        "total": 100.07673863049031
    }
}