{
    "counter": {
        "ACTIVE": 840,
        "INACTIVE": 1,
        "INVALID": 0,
        "MALICIOUS": 0,
        "SANE": 0,
        "VALID": 0,
        "total": 841
    },
    "percentage": {
        "ACTIVE": 99.88109393579073,
        "INACTIVE": 0.1721170395869191,
        "INVALID": 0,
        "MALICIOUS": 0,
        "SANE": 0,
        "VALID": 0,
        "total": 100.05321097537765
    }
}