{
    "counter": {
        "ACTIVE": 3557,
        "INACTIVE": 1,
        "INVALID": 0,
        "MALICIOUS": 0,
        "SANE": 0,
        "VALID": 0,
        "total": 3558
    },
    "percentage": {
        "ACTIVE": 99.97189432265317,
        "INACTIVE": 0.1579778830963665,
        "INVALID": 0,
        "MALICIOUS": 0,
        "SANE": 0,
        "VALID": 0,
        "total": 100.12987220574954
    }
}