{
    "counter": {
        "ACTIVE": 2075,
        "INACTIVE": 1,
        "INVALID": 0,
        "MALICIOUS": 0,
        "SANE": 0,
        "VALID": 0,
        "total": 2076
    },
    "percentage": {
        "ACTIVE": 99.95183044315992,
        "INACTIVE": 0.1926782273603083,
        "INVALID": 0,
        "MALICIOUS": 0,
        "SANE": 0,
        "VALID": 0,
        "total": 100.14450867052022
    }
}