{
    "counter": {
        "ACTIVE": 2537,
        "INACTIVE": 8,
        "INVALID": 0,
        "MALICIOUS": 0,
        "SANE": 0,
        "VALID": 0,
        "total": 2545
    },
    "percentage": {
        "ACTIVE": 99.68565815324165,
        "INACTIVE": 0.7414272474513438,
        "INVALID": 0,
        "MALICIOUS": 0,
        "SANE": 0,
        "VALID": 0,
        "total": 100.42708540069299
    }
}