{
    "counter": {
        "ACTIVE": 3023,
        "INACTIVE": 3,
        "INVALID": 0,
        "MALICIOUS": 0,
        "SANE": 0,
        "VALID": 0,
        "total": 3026
    },
    "percentage": {
        "ACTIVE": 99.90085922009253,
        "INACTIVE": 0.1236603462489695,
        "INVALID": 0,
        "MALICIOUS": 0,
        "SANE": 0,
        "VALID": 0,
        "total": 100.0245195663415
    }
}