{
    "counter": {
        "ACTIVE": 3602,
        "INACTIVE": 1,
        "INVALID": 0,
        "MALICIOUS": 0,
        "SANE": 0,
        "VALID": 0,
        "total": 3603
    },
    "percentage": {
        "ACTIVE": 99.9722453510963,
        "INACTIVE": 0.1510574018126888,
        "INVALID": 0,
        "MALICIOUS": 0,
        "SANE": 0,
        "VALID": 0,
        "total": 100.123302752909
    }
}