{
    "counter": {
        "ACTIVE": 3227,
        "INACTIVE": 2,
        "INVALID": 0,
        "MALICIOUS": 0,
        "SANE": 0,
        "VALID": 0,
        "total": 3229
    },
    "percentage": {
        "ACTIVE": 99.9380613192939,
        "INACTIVE": 0.06598482349059716,
        "INVALID": 0,
        "MALICIOUS": 0,
        "SANE": 0,
        "VALID": 0,
        "total": 100.00404614278449
    }
}