{
    "counter": {
        "ACTIVE": 2182,
        "INACTIVE": 1,
        "INVALID": 0,
        "MALICIOUS": 0,
        "SANE": 0,
        "VALID": 0,
        "total": 2183
    },
    "percentage": {
        "ACTIVE": 99.9541914796152,
        "INACTIVE": 0.11001100110011001,
        "INVALID": 0,
        "MALICIOUS": 0,
        "SANE": 0,
        "VALID": 0,
        "total": 100.06420248071531
    }
}