{
    "counter": {
        "ACTIVE": 1720,
        "INACTIVE": 2,
        "INVALID": 0,
        "MALICIOUS": 0,
        "SANE": 0,
        "VALID": 0,
        "total": 1722
    },
    "percentage": {
        "ACTIVE": 99.88385598141696,
        "INACTIVE": 0.2656042496679947,
        "INVALID": 0,
        "MALICIOUS": 0,
        "SANE": 0,
        "VALID": 0,
        "total": 100.14946023108496
    }
}