{
    "counter": {
        "ACTIVE": 2365,
        "INACTIVE": 1,
        "INVALID": 0,
        "MALICIOUS": 0,
        "SANE": 0,
        "VALID": 0,
        "total": 2366
    },
    "percentage": {
        "ACTIVE": 99.95773457311918,
        "INACTIVE": 0.046189376443418015,
        "INVALID": 0,
        "MALICIOUS": 0,
        "SANE": 0,
        "VALID": 0,
        "total": 100.0039239495626
    }
}