{
    "counter": {
        "ACTIVE": 2972,
        "INACTIVE": 8,
        "INVALID": 0,
        "MALICIOUS": 0,
        "SANE": 0,
        "VALID": 0,
        "total": 2980
    },
    "percentage": {
        "ACTIVE": 99.73154362416108,
        "INACTIVE": 1.1904761904761905,
        "INVALID": 0,
        "MALICIOUS": 0,
        "SANE": 0,
        "VALID": 0,
        "total": 100.92201981463727
    }
}