{
    "counter": {
        "ACTIVE": 2462,
        "INACTIVE": 2,
        "INVALID": 0,
        "MALICIOUS": 0,
        "SANE": 0,
        "VALID": 0,
        "total": 2464
    },
    "percentage": {
        "ACTIVE": 99.91883116883118,
        "INACTIVE": 0.44742729306487694,
        "INVALID": 0,
        "MALICIOUS": 0,
        "SANE": 0,
        "VALID": 0,
        "total": 100.36625846189605
    }
}