{
    "counter": {
        "ACTIVE": 1937,
        "INACTIVE": 1,
        "INVALID": 0,
        "MALICIOUS": 0,
        "SANE": 0,
        "VALID": 0,
        "total": 1938
    },
    "percentage": {
        "ACTIVE": 99.9484004127967,
        "INACTIVE": 0.1579778830963665,
        "INVALID": 0,
        "MALICIOUS": 0,
        "SANE": 0,
        "VALID": 0,
        "total": 100.10637829589307
    }
}