{
    "counter": {
        "ACTIVE": 2157,
        "INACTIVE": 3,
        "INVALID": 0,
        "MALICIOUS": 0,
        "SANE": 0,
        "VALID": 0,
        "total": 2160
    },
    "percentage": {
        "ACTIVE": 99.86111111111111,
        "INACTIVE": 0.3054989816700611,
        "INVALID": 0,
        "MALICIOUS": 0,
        "SANE": 0,
        "VALID": 0,
        "total": 100.16661009278117
    }
}