{
    "counter": {
        "ACTIVE": 3293,
        "INACTIVE": 1,
        "INVALID": 0,
        "MALICIOUS": 0,
        "SANE": 0,
        "VALID": 0,
        "total": 3294
    },
    "percentage": {
        "ACTIVE": 99.96964177292047,
        "INACTIVE": 0.046189376443418015,
        "INVALID": 0,
        "MALICIOUS": 0,
        "SANE": 0,
        "VALID": 0,
        "total": 100.01583114936389
    }
}