{
    "counter": {
        "ACTIVE": 1725,
        "INACTIVE": 2,
        "INVALID": 0,
        "MALICIOUS": 0,
        "SANE": 0,
        "VALID": 0,
        "total": 1727
    },
    "percentage": {
        "ACTIVE": 99.88419224088014,
        "INACTIVE": 1.4814814814814814,
        "INVALID": 0,
        "MALICIOUS": 0,
        "SANE": 0,
        "VALID": 0,
        "total": 101.36567372236162
    }
}