{
    "counter": {
        "ACTIVE": 568,
        "INACTIVE": 1,
        "INVALID": 0,
        "MALICIOUS": 0,
        "SANE": 0,
        "VALID": 0,
        "total": 569
    },
    "percentage": {
        "ACTIVE": 99.82425307557118,
        "INACTIVE": 0.1937984496124031,
        "INVALID": 0,
        "MALICIOUS": 0,
        "SANE": 0,
        "VALID": 0,
        "total": 100.01805152518358
    }
}