{
    "counter": {
        "ACTIVE": 3010,
        "INACTIVE": 1,
        "INVALID": 0,
        "MALICIOUS": 0,
        "SANE": 0,
        "VALID": 0,
        "total": 3011
    },
    "percentage": {
        "ACTIVE": 99.96678844237795,
        "INACTIVE": 0.5988023952095808,
        "INVALID": 0,
        "MALICIOUS": 0,
        "SANE": 0,
        "VALID": 0,
        "total": 100.56559083758752
    }
}