{
    "counter": {
        "ACTIVE": 2854,
        "INACTIVE": 1,
        "INVALID": 0,
        "MALICIOUS": 0,
        "SANE": 0,
        "VALID": 0,
        "total": 2855
    },
    "percentage": {
        "ACTIVE": 99.96497373029773,
        "INACTIVE": 0.08396305625524769,
        "INVALID": 0,
        "MALICIOUS": 0,
        "SANE": 0,
        "VALID": 0,
        "total": 100.04893678655297
    }
}