{
    "counter": {
        "ACTIVE": 2980,
        "INACTIVE": 1,
        "INVALID": 0,
        "MALICIOUS": 0,
        "SANE": 0,
        "VALID": 0,
        "total": 2981
    },
    "percentage": {
        "ACTIVE": 99.96645420999664,
        "INACTIVE": 0.2028397565922921,
        "INVALID": 0,
        "MALICIOUS": 0,
        "SANE": 0,
        "VALID": 0,
        "total": 100.16929396658894
    }
}