{
    "counter": {
        "ACTIVE": 1696,
        "INACTIVE": 1,
        "INVALID": 0,
        "MALICIOUS": 0,
        "SANE": 0,
        "VALID": 0,
        "total": 1697
    },
    "percentage": {
        "ACTIVE": 99.94107248084856,
        "INACTIVE": 0.1692047377326565,
        "INVALID": 0,
        "MALICIOUS": 0,
        "SANE": 0,
        "VALID": 0,
        "total": 100.11027721858122
    }
}