{
    "counter": {
        "ACTIVE": 2503,
        "INACTIVE": 1,
        "INVALID": 0,
        "MALICIOUS": 0,
        "SANE": 0,
        "VALID": 0,
        "total": 2504
    },
    "percentage": {
        "ACTIVE": 99.96006389776358,
        "INACTIVE": 0.11574074074074074,
        "INVALID": 0,
        "MALICIOUS": 0,
        "SANE": 0,
        "VALID": 0,
        "total": 100.07580463850432
    }
}