{
    "counter": {
        "ACTIVE": 1552,
        "INACTIVE": 1,
        "INVALID": 0,
        "MALICIOUS": 0,
        "SANE": 0,
        "VALID": 0,
        "total": 1553
    },
    "percentage": {
        "ACTIVE": 99.93560849967804,
        "INACTIVE": 0.1457725947521866,
        "INVALID": 0,
        "MALICIOUS": 0,
        "SANE": 0,
        "VALID": 0,
        "total": 100.08138109443023
    }
}