{
    "counter": {
        "ACTIVE": 1228,
        "INACTIVE": 1,
        "INVALID": 0,
        "MALICIOUS": 0,
        "SANE": 0,
        "VALID": 0,
        "total": 1229
    },
    "percentage": {
        "ACTIVE": 99.91863303498779,
        "INACTIVE": 0.2079002079002079,
        "INVALID": 0,
        "MALICIOUS": 0,
        "SANE": 0,
        "VALID": 0,
        "total": 100.126533242888
    }
}