{
    "counter": {
        "ACTIVE": 938,
        "INACTIVE": 2,
        "INVALID": 0,
        "MALICIOUS": 0,
        "SANE": 0,
        "VALID": 0,
        "total": 940
    },
    "percentage": {
        "ACTIVE": 99.7872340425532,
        "INACTIVE": 0.2503128911138924,
        "INVALID": 0,
        "MALICIOUS": 0,
        "SANE": 0,
        "VALID": 0,
        "total": 100.03754693366709
    }
}