{
    "counter": {
        "ACTIVE": 3655,
        "INACTIVE": 1,
        "INVALID": 0,
        "MALICIOUS": 0,
        "SANE": 0,
        "VALID": 0,
        "total": 3656
    },
    "percentage": {
        "ACTIVE": 99.972647702407,
        "INACTIVE": 0.03741114852225964,
        "INVALID": 0,
        "MALICIOUS": 0,
        "SANE": 0,
        "VALID": 0,
        "total": 100.01005885092925
    }
}