{
    "counter": {
        "ACTIVE": 3542,
        "INACTIVE": 1,
        "INVALID": 0,
        "MALICIOUS": 0,
        "SANE": 0,
        "VALID": 0,
        "total": 3543
    },
    "percentage": {
        "ACTIVE": 99.97177533163985,
        "INACTIVE": 0.13908205841446453,
        "INVALID": 0,
        "MALICIOUS": 0,
        "SANE": 0,
        "VALID": 0,
        "total": 100.1108573900543
    }
}