{
    "counter": {
        "ACTIVE": 3624,
        "INACTIVE": 2,
        "INVALID": 0,
        "MALICIOUS": 0,
        "SANE": 0,
        "VALID": 0,
        "total": 3626
    },
    "percentage": {
        "ACTIVE": 99.94484280198566,
        "INACTIVE": 0.06548788474132286,
        "INVALID": 0,
        "MALICIOUS": 0,
        "SANE": 0,
        "VALID": 0,
        "total": 100.01033068672697
    }
}