{
    "counter": {
        "ACTIVE": 1404,
        "INACTIVE": 1,
        "INVALID": 0,
        "MALICIOUS": 0,
        "SANE": 0,
        "VALID": 0,
        "total": 1405
    },
    "percentage": {
        "ACTIVE": 99.9288256227758,
        "INACTIVE": 0.1926782273603083,
        "INVALID": 0,
        "MALICIOUS": 0,
        "SANE": 0,
        "VALID": 0,
        "total": 100.12150385013611
    }
}