{
    "counter": {
        "ACTIVE": 3657,
        "INACTIVE": 1,
        "INVALID": 0,
        "MALICIOUS": 0,
        "SANE": 0,
        "VALID": 0,
        "total": 3658
    },
    "percentage": {
        "ACTIVE": 99.97266265718972,
        "INACTIVE": 0.09140767824497258,
        "INVALID": 0,
        "MALICIOUS": 0,
        "SANE": 0,
        "VALID": 0,
        "total": 100.06407033543469
    }
}