{
    "counter": {
        "ACTIVE": 3551,
        "INACTIVE": 1,
        "INVALID": 0,
        "MALICIOUS": 0,
        "SANE": 0,
        "VALID": 0,
        "total": 3552
    },
    "percentage": {
        "ACTIVE": 99.97184684684684,
        "INACTIVE": 0.14084507042253522,
        "INVALID": 0,
        "MALICIOUS": 0,
        "SANE": 0,
        "VALID": 0,
        "total": 100.11269191726937
    }
}