{
    "counter": {
        "ACTIVE": 2692,
        "INACTIVE": 1,
        "INVALID": 0,
        "MALICIOUS": 0,
        "SANE": 0,
        "VALID": 0,
        "total": 2693
    },
    "percentage": {
        "ACTIVE": 99.9628666914222,
        "INACTIVE": 0.03753753753753754,
        "INVALID": 0,
        "MALICIOUS": 0,
        "SANE": 0,
        "VALID": 0,
        "total": 100.00040422895974
    }
}