{
    "counter": {
        "ACTIVE": 297,
        "INACTIVE": 2,
        "INVALID": 0,
        "MALICIOUS": 0,
        "SANE": 0,
        "VALID": 0,
        "total": 299
    },
    "percentage": {
        "ACTIVE": 99.33110367892976,
        "INACTIVE": 1.2048192771084338,
        "INVALID": 0,
        "MALICIOUS": 0,
        "SANE": 0,
        "VALID": 0,
        "total": 100.53592295603819
    }
}