{
    "counter": {
        "ACTIVE": 3213,
        "INACTIVE": 1,
        "INVALID": 0,
        "MALICIOUS": 0,
        "SANE": 0,
        "VALID": 0,
        "total": 3214
    },
    "percentage": {
        "ACTIVE": 99.96888612321095,
        "INACTIVE": 0.08818342151675485,
        "INVALID": 0,
        "MALICIOUS": 0,
        "SANE": 0,
        "VALID": 0,
        "total": 100.05706954472771
    }
}