{
    "counter": {
        "ACTIVE": 1954,
        "INACTIVE": 3,
        "INVALID": 0,
        "MALICIOUS": 0,
        "SANE": 0,
        "VALID": 0,
        "total": 1957
    },
    "percentage": {
        "ACTIVE": 99.84670413898824,
        "INACTIVE": 0.3054989816700611,
        "INVALID": 0,
        "MALICIOUS": 0,
        "SANE": 0,
        "VALID": 0,
        "total": 100.1522031206583
    }
}