{
    "counter": {
        "ACTIVE": 2170,
        "INACTIVE": 1,
        "INVALID": 0,
        "MALICIOUS": 0,
        "SANE": 0,
        "VALID": 0,
        "total": 2171
    },
    "percentage": {
        "ACTIVE": 99.95393827729157,
        "INACTIVE": 0.13831258644536654,
        "INVALID": 0,
        "MALICIOUS": 0,
        "SANE": 0,
        "VALID": 0,
        "total": 100.09225086373694
    }
}