{
    "counter": {
        "ACTIVE": 3548,
        "INACTIVE": 3,
        "INVALID": 0,
        "MALICIOUS": 0,
        "SANE": 0,
        "VALID": 0,
        "total": 3551
    },
    "percentage": {
        "ACTIVE": 99.91551675584343,
        "INACTIVE": 0.1236603462489695,
        "INVALID": 0,
        "MALICIOUS": 0,
        "SANE": 0,
        "VALID": 0,
        "total": 100.0391771020924
    }
}