{
    "counter": {
        "ACTIVE": 3169,
        "INACTIVE": 1,
        "INVALID": 0,
        "MALICIOUS": 0,
        "SANE": 0,
        "VALID": 0,
        "total": 3170
    },
    "percentage": {
        "ACTIVE": 99.96845425867508,
        "INACTIVE": 0.051440329218107,
        "INVALID": 0,
        "MALICIOUS": 0,
        "SANE": 0,
        "VALID": 0,
        "total": 100.01989458789319
    }
}