{
    "counter": {
        "ACTIVE": 1215,
        "INACTIVE": 2,
        "INVALID": 0,
        "MALICIOUS": 0,
        "SANE": 0,
        "VALID": 0,
        "total": 1217
    },
    "percentage": {
        "ACTIVE": 99.83566146261299,
        "INACTIVE": 1.2048192771084338,
        "INVALID": 0,
        "MALICIOUS": 0,
        "SANE": 0,
        "VALID": 0,
        "total": 101.04048073972142
    }
}