{
    "counter": {
        "ACTIVE": 1461,
        "INACTIVE": 2,
        "INVALID": 0,
        "MALICIOUS": 0,
        "SANE": 0,
        "VALID": 0,
        "total": 1463
    },
    "percentage": {
        "ACTIVE": 99.86329460013671,
        "INACTIVE": 0.3913894324853229,
        "INVALID": 0,
        "MALICIOUS": 0,
        "SANE": 0,
        "VALID": 0,
        "total": 100.25468403262204
    }
}