{
    "counter": {
        "ACTIVE": 3414,
        "INACTIVE": 2,
        "INVALID": 0,
        "MALICIOUS": 0,
        "SANE": 0,
        "VALID": 0,
        "total": 3416
    },
    "percentage": {
        "ACTIVE": 99.94145199063232,
        "INACTIVE": 0.06598482349059716,
        "INVALID": 0,
        "MALICIOUS": 0,
        "SANE": 0,
        "VALID": 0,
        "total": 100.00743681412291
    }
}