{
    "counter": {
        "ACTIVE": 3465,
        "INACTIVE": 2,
        "INVALID": 0,
        "MALICIOUS": 0,
        "SANE": 0,
        "VALID": 0,
        "total": 3467
    },
    "percentage": {
        "ACTIVE": 99.94231323911163,
        "INACTIVE": 0.44742729306487694,
        "INVALID": 0,
        "MALICIOUS": 0,
        "SANE": 0,
        "VALID": 0,
        "total": 100.3897405321765
    }
}