{
    "counter": {
        "ACTIVE": 3188,
        "INACTIVE": 1,
        "INVALID": 0,
        "MALICIOUS": 0,
        "SANE": 0,
        "VALID": 0,
        "total": 3189
    },
    "percentage": {
        "ACTIVE": 99.96864220758859,
        "INACTIVE": 0.07017543859649122,
        "INVALID": 0,
        "MALICIOUS": 0,
        "SANE": 0,
        "VALID": 0,
        "total": 100.03881764618508
    }
}