{
    "counter": {
        "ACTIVE": 3030,
        "INACTIVE": 1,
        "INVALID": 0,
        "MALICIOUS": 0,
        "SANE": 0,
        "VALID": 0,
        "total": 3031
    },
    "percentage": {
        "ACTIVE": 99.9670075882547,
        "INACTIVE": 0.12269938650306748,
        "INVALID": 0,
        "MALICIOUS": 0,
        "SANE": 0,
        "VALID": 0,
        "total": 100.08970697475777
    }
}