{
    "counter": {
        "ACTIVE": 2661,
        "INACTIVE": 1,
        "INVALID": 0,
        "MALICIOUS": 0,
        "SANE": 0,
        "VALID": 0,
        "total": 2662
    },
    "percentage": {
        "ACTIVE": 99.96243425995492,
        "INACTIVE": 0.6369426751592356,
        "INVALID": 0,
        "MALICIOUS": 0,
        "SANE": 0,
        "VALID": 0,
        "total": 100.59937693511415
    }
}