{
    "counter": {
        "ACTIVE": 3613,
        "INACTIVE": 1,
        "INVALID": 0,
        "MALICIOUS": 0,
        "SANE": 0,
        "VALID": 0,
        "total": 3614
    },
    "percentage": {
        "ACTIVE": 99.97232982844494,
        "INACTIVE": 0.2079002079002079,
        "INVALID": 0,
        "MALICIOUS": 0,
        "SANE": 0,
        "VALID": 0,
        "total": 100.18023003634515
    }
}