{
    "counter": {
        "ACTIVE": 2492,
        "INACTIVE": 1,
        "INVALID": 0,
        "MALICIOUS": 0,
        "SANE": 0,
        "VALID": 0,
        "total": 2493
    },
    "percentage": {
        "ACTIVE": 99.95988768551945,
        "INACTIVE": 0.08396305625524769,
        "INVALID": 0,
        "MALICIOUS": 0,
        "SANE": 0,
        "VALID": 0,
        "total": 100.04385074177469
    }
}