{
    "counter": {
        "ACTIVE": 3442,
        "INACTIVE": 1,
        "INVALID": 0,
        "MALICIOUS": 0,
        "SANE": 0,
        "VALID": 0,
        "total": 3443
    },
    "percentage": {
        "ACTIVE": 99.97095556200988,
        "INACTIVE": 0.24096385542168675,
        "INVALID": 0,
        "MALICIOUS": 0,
        "SANE": 0,
        "VALID": 0,
        "total": 100.21191941743156
    }
}