{
    "counter": {
        "ACTIVE": 1675,
        "INACTIVE": 1,
        "INVALID": 0,
        "MALICIOUS": 0,
        "SANE": 0,
        "VALID": 0,
        "total": 1676
    },
    "percentage": {
        "ACTIVE": 99.94033412887828,
        "INACTIVE": 0.12531328320802004,
        "INVALID": 0,
        "MALICIOUS": 0,
        "SANE": 0,
        "VALID": 0,
        "total": 100.06564741208629
    }
}