{
    "counter": {
        "ACTIVE": 1490,
        "INACTIVE": 1,
        "INVALID": 0,
        "MALICIOUS": 0,
        "SANE": 0,
        "VALID": 0,
        "total": 1491
    },
    "percentage": {
        "ACTIVE": 99.93293091884641,
        "INACTIVE": 0.07199424046076314,
        "INVALID": 0,
        "MALICIOUS": 0,
        "SANE": 0,
        "VALID": 0,
        "total": 100.00492515930718
    }
}