{
    "counter": {
        "ACTIVE": 792,
        "INACTIVE": 1,
        "INVALID": 0,
        "MALICIOUS": 0,
        "SANE": 0,
        "VALID": 0,
        "total": 793
    },
    "percentage": {
        "ACTIVE": 99.87389659520807,
        "INACTIVE": 0.6369426751592356,
        "INVALID": 0,
        "MALICIOUS": 0,
        "SANE": 0,
        "VALID": 0,
        "total": 100.5108392703673
    }
}