{
    "counter": {
        "ACTIVE": 1932,
        "INACTIVE": 1,
        "INVALID": 0,
        "MALICIOUS": 0,
        "SANE": 0,
        "VALID": 0,
        "total": 1933
    },
    "percentage": {
        "ACTIVE": 99.94826694257631,
        "INACTIVE": 0.24813895781637718,
        "INVALID": 0,
        "MALICIOUS": 0,
        "SANE": 0,
        "VALID": 0,
        "total": 100.19640590039269
    }
}