{
    "counter": {
        "ACTIVE": 3624,
        "INACTIVE": 3,
        "INVALID": 0,
        "MALICIOUS": 0,
        "SANE": 0,
        "VALID": 0,
        "total": 3627
    },
    "percentage": {
        "ACTIVE": 99.9172870140612,
        "INACTIVE": 0.1236603462489695,
        "INVALID": 0,
        "MALICIOUS": 0,
        "SANE": 0,
        "VALID": 0,
        "total": 100.04094736031017
    }
}