{
    "counter": {
        "ACTIVE": 1520,
        "INACTIVE": 1,
        "INVALID": 0,
        "MALICIOUS": 0,
        "SANE": 0,
        "VALID": 0,
        "total": 1521
    },
    "percentage": {
        "ACTIVE": 99.93425378040763,
        "INACTIVE": 0.13908205841446453,
        "INVALID": 0,
        "MALICIOUS": 0,
        "SANE": 0,
        "VALID": 0,
        "total": 100.07333583882209
    }
}