{
    "counter": {
        "ACTIVE": 1070,
        "INACTIVE": 1,
        "INVALID": 0,
        "MALICIOUS": 0,
        "SANE": 0,
        "VALID": 0,
        "total": 1071
    },
    "percentage": {
        "ACTIVE": 99.90662931839402,
        "INACTIVE": 0.23696682464454977,
        "INVALID": 0,
        "MALICIOUS": 0,
        "SANE": 0,
        "VALID": 0,
        "total": 100.14359614303858
    }
}