{
    "counter": {
        "ACTIVE": 3417,
        "INACTIVE": 2,
        "INVALID": 0,
        "MALICIOUS": 0,
        "SANE": 0,
        "VALID": 0,
        "total": 3419
    },
    "percentage": {
        "ACTIVE": 99.94150336355659,
        "INACTIVE": 1.2048192771084338,
        "INVALID": 0,
        "MALICIOUS": 0,
        "SANE": 0,
        "VALID": 0,
        "total": 101.14632264066502
    }
}