{
    "counter": {
        "ACTIVE": 3410,
        "INACTIVE": 2,
        "INVALID": 0,
        "MALICIOUS": 0,
        "SANE": 0,
        "VALID": 0,
        "total": 3412
    },
    "percentage": {
        "ACTIVE": 99.94138335287222,
        "INACTIVE": 0.2656042496679947,
        "INVALID": 0,
        "MALICIOUS": 0,
        "SANE": 0,
        "VALID": 0,
        "total": 100.20698760254022
    }
}