{
    "counter": {
        "ACTIVE": 145,
        "INACTIVE": 2,
        "INVALID": 0,
        "MALICIOUS": 0,
        "SANE": 0,
        "VALID": 0,
        "total": 147
    },
    "percentage": {
        "ACTIVE": 98.63945578231292,
        "INACTIVE": 1.4814814814814814,
        "INVALID": 0,
        "MALICIOUS": 0,
        "SANE": 0,
        "VALID": 0,
        "total": 100.1209372637944
    }
}