{
    "counter": {
        "ACTIVE": 3570,
        "INACTIVE": 1,
        "INVALID": 0,
        "MALICIOUS": 0,
        "SANE": 0,
        "VALID": 0,
        "total": 3571
    },
    "percentage": {
        "ACTIVE": 99.97199663959675,
        "INACTIVE": 0.08396305625524769,
        "INVALID": 0,
        "MALICIOUS": 0,
        "SANE": 0,
        "VALID": 0,
        "total": 100.055959695852
    }
}