{
    "counter": {
        "ACTIVE": 3167,
        "INACTIVE": 1,
        "INVALID": 0,
        "MALICIOUS": 0,
        "SANE": 0,
        "VALID": 0,
        "total": 3168
    },
    "percentage": {
        "ACTIVE": 99.96843434343434,
        "INACTIVE": 0.1937984496124031,
        "INVALID": 0,
        "MALICIOUS": 0,
        "SANE": 0,
        "VALID": 0,
        "total": 100.16223279304674
    }
}