{
    "counter": {
        "ACTIVE": 3522,
        "INACTIVE": 1,
        "INVALID": 0,
        "MALICIOUS": 0,
        "SANE": 0,
        "VALID": 0,
        "total": 3523
    },
    "percentage": {
        "ACTIVE": 99.97161510076639,
        "INACTIVE": 0.10515247108307045,
        "INVALID": 0,
        "MALICIOUS": 0,
        "SANE": 0,
        "VALID": 0,
        "total": 100.07676757184946
    }
}