{
    "counter": {
        "ACTIVE": 2371,
        "INACTIVE": 1,
        "INVALID": 0,
        "MALICIOUS": 0,
        "SANE": 0,
        "VALID": 0,
        "total": 2372
    },
    "percentage": {
        "ACTIVE": 99.95784148397976,
        "INACTIVE": 0.5988023952095808,
        "INVALID": 0,
        "MALICIOUS": 0,
        "SANE": 0,
        "VALID": 0,
        "total": 100.55664387918934
    }
}