{
    "counter": {
        "ACTIVE": 1178,
        "INACTIVE": 1,
        "INVALID": 0,
        "MALICIOUS": 0,
        "SANE": 0,
        "VALID": 0,
        "total": 1179
    },
    "percentage": {
        "ACTIVE": 99.91518235793045,
        "INACTIVE": 0.17985611510791366,
        "INVALID": 0,
        "MALICIOUS": 0,
        "SANE": 0,
        "VALID": 0,
        "total": 100.09503847303836
    }
}