{
    "counter": {
        "ACTIVE": 1692,
        "INACTIVE": 2,
        "INVALID": 0,
        "MALICIOUS": 0,
        "SANE": 0,
        "VALID": 0,
        "total": 1694
    },
    "percentage": {
        "ACTIVE": 99.8819362455726,
        "INACTIVE": 0.33222591362126247,
        "INVALID": 0,
        "MALICIOUS": 0,
        "SANE": 0,
        "VALID": 0,
        "total": 100.21416215919386
    }
}