{
    "counter": {
        "ACTIVE": 2309,
        "INACTIVE": 3,
        "INVALID": 0,
        "MALICIOUS": 0,
        "SANE": 0,
        "VALID": 0,
        "total": 2312
    },
    "percentage": {
        "ACTIVE": 99.87024221453287,
        "INACTIVE": 0.20161290322580644,
        "INVALID": 0,
        "MALICIOUS": 0,
        "SANE": 0,
        "VALID": 0,
        "total": 100.07185511775867
    }
}