{
    "counter": {
        "ACTIVE": 3136,
        "INACTIVE": 2,
        "INVALID": 0,
        "MALICIOUS": 0,
        "SANE": 0,
        "VALID": 0,
        "total": 3138
    },
    "percentage": {
        "ACTIVE": 99.93626513702995,
        "INACTIVE": 0.44742729306487694,
        "INVALID": 0,
        "MALICIOUS": 0,
        "SANE": 0,
        "VALID": 0,
        "total": 100.38369243009483
    }
}