{
    "counter": {
        "ACTIVE": 530,
        "INACTIVE": 1,
        "INVALID": 0,
        "MALICIOUS": 0,
        "SANE": 0,
        "VALID": 0,
        "total": 531
    },
    "percentage": {
        "ACTIVE": 99.81167608286252,
        "INACTIVE": 0.5988023952095808,
        "INVALID": 0,
        "MALICIOUS": 0,
        "SANE": 0,
        "VALID": 0,
        "total": 100.4104784780721
    }
}