{
    "counter": {
        "ACTIVE": 1648,
        "INACTIVE": 3,
        "INVALID": 0,
        "MALICIOUS": 0,
        "SANE": 0,
        "VALID": 0,
        "total": 1651
    },
    "percentage": {
        "ACTIVE": 99.8182919442762,
        "INACTIVE": 0.20161290322580644,
        "INVALID": 0,
        "MALICIOUS": 0,
        "SANE": 0,
        "VALID": 0,
        "total": 100.019904847502
    }
}