{
    "counter": {
        "ACTIVE": 3296,
        "INACTIVE": 15,
        "INVALID": 0,
        "MALICIOUS": 0,
        "SANE": 0,
        "VALID": 0,
        "total": 3311
    },
    "percentage": {
        "ACTIVE": 99.54696466324373,
        "INACTIVE": 0.539568345323741,
        "INVALID": 0,
        "MALICIOUS": 0,
        "SANE": 0,
        "VALID": 0,
        "total": 100.08653300856747
    }
}