{
    "counter": {
        "ACTIVE": 1775,
        "INACTIVE": 2,
        "INVALID": 0,
        "MALICIOUS": 0,
        "SANE": 0,
        "VALID": 0,
        "total": 1777
    },
    "percentage": {
        "ACTIVE": 99.88745075970738,
        "INACTIVE": 0.2695417789757412,
        "INVALID": 0,
        "MALICIOUS": 0,
        "SANE": 0,
        "VALID": 0,
        "total": 100.15699253868311
    }
}