{
    "counter": {
        "ACTIVE": 3733,
        "INACTIVE": 1,
        "INVALID": 0,
        "MALICIOUS": 0,
        "SANE": 0,
        "VALID": 0,
        "total": 3734
    },
    "percentage": {
        "ACTIVE": 99.97321906802357,
        "INACTIVE": 1.0204081632653061,
        "INVALID": 0,
        "MALICIOUS": 0,
        "SANE": 0,
        "VALID": 0,
        "total": 100.99362723128887
    }
}