{
    "counter": {
        "ACTIVE": 2168,
        "INACTIVE": 1,
        "INVALID": 0,
        "MALICIOUS": 0,
        "SANE": 0,
        "VALID": 0,
        "total": 2169
    },
    "percentage": {
        "ACTIVE": 99.95389580451821,
        "INACTIVE": 0.0728862973760933,
        "INVALID": 0,
        "MALICIOUS": 0,
        "SANE": 0,
        "VALID": 0,
        "total": 100.0267821018943
    }
}