{
    "counter": {
        "ACTIVE": 3214,
        "INACTIVE": 1,
        "INVALID": 0,
        "MALICIOUS": 0,
        "SANE": 0,
        "VALID": 0,
        "total": 3215
    },
    "percentage": {
        "ACTIVE": 99.96889580093313,
        "INACTIVE": 0.17985611510791366,
        "INVALID": 0,
        "MALICIOUS": 0,
        "SANE": 0,
        "VALID": 0,
        "total": 100.14875191604104
    }
}