{
    "counter": {
        "ACTIVE": 1865,
        "INACTIVE": 1,
        "INVALID": 0,
        "MALICIOUS": 0,
        "SANE": 0,
        "VALID": 0,
        "total": 1866
    },
    "percentage": {
        "ACTIVE": 99.94640943193998,
        "INACTIVE": 0.0856898029134533,
        "INVALID": 0,
        "MALICIOUS": 0,
        "SANE": 0,
        "VALID": 0,
        "total": 100.03209923485343
    }
}