{
    "counter": {
        "ACTIVE": 3192,
        "INACTIVE": 1,
        "INVALID": 0,
        "MALICIOUS": 0,
        "SANE": 0,
        "VALID": 0,
        "total": 3193
    },
    "percentage": {
        "ACTIVE": 99.96868149076104,
        "INACTIVE": 1.0309278350515463,
        "INVALID": 0,
        "MALICIOUS": 0,
        "SANE": 0,
        "VALID": 0,
        "total": 100.99960932581259
    }
}