{
    "counter": {
        "ACTIVE": 1704,
        "INACTIVE": 8,
        "INVALID": 0,
        "MALICIOUS": 0,
        "SANE": 0,
        "VALID": 0,
        "total": 1712
    },
    "percentage": {
        "ACTIVE": 99.53271028037383,
        "INACTIVE": 0.5298013245033113,
        "INVALID": 0,
        "MALICIOUS": 0,
        "SANE": 0,
        "VALID": 0,
        "total": 100.06251160487714
    }
}