{
    "counter": {
        "ACTIVE": 760,
        "INACTIVE": 3,
        "INVALID": 0,
        "MALICIOUS": 0,
        "SANE": 0,
        "VALID": 0,
        "total": 763
    },
    "percentage": {
        "ACTIVE": 99.73753280839895,
        "INACTIVE": 0.3931847968545216,
        "INVALID": 0,
        "MALICIOUS": 0,
        "SANE": 0,
        "VALID": 0,
        "total": 100.13071760525348
    }
}