{
    "counter": {
        "ACTIVE": 3431,
        "INACTIVE": 1,
        "INVALID": 0,
        "MALICIOUS": 0,
        "SANE": 0,
        "VALID": 0,
        "total": 3432
    },
    "percentage": {
        "ACTIVE": 99.97086247086247,
        "INACTIVE": 0.2028397565922921,
        "INVALID": 0,
        "MALICIOUS": 0,
        "SANE": 0,
        "VALID": 0,
        "total": 100.17370222745477
    }
}