{
    "counter": {
        "ACTIVE": 1555,
        "INACTIVE": 1,
        "INVALID": 0,
        "MALICIOUS": 0,
        "SANE": 0,
        "VALID": 0,
        "total": 1556
    },
    "percentage": {
        "ACTIVE": 99.93573264781492,
        "INACTIVE": 0.1457725947521866,
        "INVALID": 0,
        "MALICIOUS": 0,
        "SANE": 0,
        "VALID": 0,
        "total": 100.0815052425671
    }
}