{
    "counter": {
        "ACTIVE": 3262,
        "INACTIVE": 0,
        "INVALID": 0,
        "MALICIOUS": 0,
        "SANE": 0,
        "VALID": 0,
        "total": 3262
    },
    "percentage": {
        "ACTIVE": 99.96753246753246,
        "INACTIVE": 0.03295978905735003,
        "INVALID": 0,
        "MALICIOUS": 0,
        "SANE": 0,
        "VALID": 0,
        "total": 100.00049225658981
    }
}