{
    "counter": {
        "ACTIVE": 742,
        "INACTIVE": 1,
        "INVALID": 0,
        "MALICIOUS": 0,
        "SANE": 0,
        "VALID": 0,
        "total": 743
    },
    "percentage": {
        "ACTIVE": 99.86541049798116,
        "INACTIVE": 0.2028397565922921,
        "INVALID": 0,
        "MALICIOUS": 0,
        "SANE": 0,
        "VALID": 0,
        "total": 100.06825025457346
    }
}