{
    "counter": {
        "ACTIVE": 3623,
        "INACTIVE": 1,
        "INVALID": 0,
        "MALICIOUS": 0,
        "SANE": 0,
        "VALID": 0,
        "total": 3624
    },
    "percentage": {
        "ACTIVE": 99.97240618101546,
        "INACTIVE": 0.17985611510791366,
        "INVALID": 0,
        "MALICIOUS": 0,
        "SANE": 0,
        "VALID": 0,
        "total": 100.15226229612337
    }
}