{
    "counter": {
        "ACTIVE": 3259,
        "INACTIVE": 1,
        "INVALID": 0,
        "MALICIOUS": 0,
        "SANE": 0,
        "VALID": 0,
        "total": 3260
    },
    "percentage": {
        "ACTIVE": 99.96932515337423,
        "INACTIVE": 0.1510574018126888,
        "INVALID": 0,
        "MALICIOUS": 0,
        "SANE": 0,
        "VALID": 0,
        "total": 100.12038255518692
    }
}