{
    "counter": {
        "ACTIVE": 3177,
        "INACTIVE": 1,
        "INVALID": 0,
        "MALICIOUS": 0,
        "SANE": 0,
        "VALID": 0,
        "total": 3178
    },
    "percentage": {
        "ACTIVE": 99.9685336689742,
        "INACTIVE": 0.12360939431396786,
        "INVALID": 0,
        "MALICIOUS": 0,
        "SANE": 0,
        "VALID": 0,
        "total": 100.09214306328818
    }
}