{
    "counter": {
        "ACTIVE": 1393,
        "INACTIVE": 2,
        "INVALID": 0,
        "MALICIOUS": 0,
        "SANE": 0,
        "VALID": 0,
        "total": 1395
    },
    "percentage": {
        "ACTIVE": 99.85663082437276,
        "INACTIVE": 1.4814814814814814,
        "INVALID": 0,
        "MALICIOUS": 0,
        "SANE": 0,
        "VALID": 0,
        "total": 101.33811230585424
    }
}