{
    "counter": {
        "ACTIVE": 2857,
        "INACTIVE": 1,
        "INVALID": 0,
        "MALICIOUS": 0,
        "SANE": 0,
        "VALID": 0,
        "total": 2858
    },
    "percentage": {
        "ACTIVE": 99.96501049685095,
        "INACTIVE": 0.6369426751592356,
        "INVALID": 0,
        "MALICIOUS": 0,
        "SANE": 0,
        "VALID": 0,
        "total": 100.60195317201018
    }
}