{
    "counter": {
        "ACTIVE": 3477,
        "INACTIVE": 1,
        "INVALID": 0,
        "MALICIOUS": 0,
        "SANE": 0,
        "VALID": 0,
        "total": 3478
    },
    "percentage": {
        "ACTIVE": 99.97124784358827,
        "INACTIVE": 0.15360983102918588,
        "INVALID": 0,
        "MALICIOUS": 0,
        "SANE": 0,
        "VALID": 0,
        "total": 100.12485767461746
    }
}