{
    "counter": {
        "ACTIVE": 3583,
        "INACTIVE": 1,
        "INVALID": 0,
        "MALICIOUS": 0,
        "SANE": 0,
        "VALID": 0,
        "total": 3584
    },
    "percentage": {
        "ACTIVE": 99.97209821428571,
        "INACTIVE": 0.0449034575662326,
        "INVALID": 0,
        "MALICIOUS": 0,
        "SANE": 0,
        "VALID": 0,
        "total": 100.01700167185194
    }
}