{
    "counter": {
        "ACTIVE": 2112,
        "INACTIVE": 2,
        "INVALID": 0,
        "MALICIOUS": 0,
        "SANE": 0,
        "VALID": 0,
        "total": 2114
    },
    "percentage": {
        "ACTIVE": 99.90539262062441,
        "INACTIVE": 1.4814814814814814,
        "INVALID": 0,
        "MALICIOUS": 0,
        "SANE": 0,
        "VALID": 0,
        "total": 101.38687410210589
    }
}