{
    "counter": {
        "ACTIVE": 2457,
        "INACTIVE": 3,
        "INVALID": 0,
        "MALICIOUS": 0,
        "SANE": 0,
        "VALID": 0,
        "total": 2460
    },
    "percentage": {
        "ACTIVE": 99.8780487804878,
        "INACTIVE": 0.3464203233256351,
        "INVALID": 0,
        "MALICIOUS": 0,
        "SANE": 0,
        "VALID": 0,
        "total": 100.22446910381343
    }
}