{
    "counter": {
        "ACTIVE": 2841,
        "INACTIVE": 1,
        "INVALID": 0,
        "MALICIOUS": 0,
        "SANE": 0,
        "VALID": 0,
        "total": 2842
    },
    "percentage": {
        "ACTIVE": 99.96481351161154,
        "INACTIVE": 0.1721170395869191,
        "INVALID": 0,
        "MALICIOUS": 0,
        "SANE": 0,
        "VALID": 0,
        "total": 100.13693055119846
    }
}