{
    "counter": {
        "ACTIVE": 3600,
        "INACTIVE": 1,
        "INVALID": 0,
        "MALICIOUS": 0,
        "SANE": 0,
        "VALID": 0,
        "total": 3601
    },
    "percentage": {
        "ACTIVE": 99.97222993612885,
        "INACTIVE": 0.24813895781637718,
        "INVALID": 0,
        "MALICIOUS": 0,
        "SANE": 0,
        "VALID": 0,
        "total": 100.22036889394523
    }
}