{
    "counter": {
        "ACTIVE": 884,
        "INACTIVE": 1,
        "INVALID": 0,
        "MALICIOUS": 0,
        "SANE": 0,
        "VALID": 0,
        "total": 885
    },
    "percentage": {
        "ACTIVE": 99.88700564971751,
        "INACTIVE": 0.2770083102493075,
        "INVALID": 0,
        "MALICIOUS": 0,
        "SANE": 0,
        "VALID": 0,
        "total": 100.16401395996681
    }
}