{
    "counter": {
        "ACTIVE": 2110,
        "INACTIVE": 2,
        "INVALID": 0,
        "MALICIOUS": 0,
        "SANE": 0,
        "VALID": 0,
        "total": 2112
    },
    "percentage": {
        "ACTIVE": 99.90530303030303,
        "INACTIVE": 1.2048192771084338,
        "INVALID": 0,
        "MALICIOUS": 0,
        "SANE": 0,
        "VALID": 0,
        "total": 101.11012230741146
    }
}