{
    "counter": {
        "ACTIVE": 2309,
        "INACTIVE": 1,
        "INVALID": 0,
        "MALICIOUS": 0,
        "SANE": 0,
        "VALID": 0,
        "total": 2310
    },
    "percentage": {
        "ACTIVE": 99.95670995670996,
        "INACTIVE": 0.20040080160320642,
        "INVALID": 0,
        "MALICIOUS": 0,
        "SANE": 0,
        "VALID": 0,
        "total": 100.15711075831317
    }
}