{
    "counter": {
        "ACTIVE": 3028,
        "INACTIVE": 9,
        "INVALID": 0,
        "MALICIOUS": 0,
        "SANE": 0,
        "VALID": 0,
        "total": 3037
    },
    "percentage": {
        "ACTIVE": 99.70365492262101,
        "INACTIVE": 1.3157894736842106,
        "INVALID": 0,
        "MALICIOUS": 0,
        "SANE": 0,
        "VALID": 0,
        "total": 101.01944439630522
    }
}