{
    "counter": {
        "ACTIVE": 3648,
        "INACTIVE": 8,
        "INVALID": 0,
        "MALICIOUS": 0,
        "SANE": 0,
        "VALID": 0,
        "total": 3656
    },
    "percentage": {
        "ACTIVE": 99.78118161925602,
        "INACTIVE": 0.7414272474513438,
        "INVALID": 0,
        "MALICIOUS": 0,
        "SANE": 0,
        "VALID": 0,
        "total": 100.52260886670736
    }
}