{
    "counter": {
        "ACTIVE": 2651,
        "INACTIVE": 2,
        "INVALID": 0,
        "MALICIOUS": 0,
        "SANE": 0,
        "VALID": 0,
        "total": 2653
    },
    "percentage": {
        "ACTIVE": 99.92461364493026,
        "INACTIVE": 1.2048192771084338,
        "INVALID": 0,
        "MALICIOUS": 0,
        "SANE": 0,
        "VALID": 0,
        "total": 101.12943292203869
    }
}