{
    "counter": {
        "ACTIVE": 2154,
        "INACTIVE": 1,
        "INVALID": 0,
        "MALICIOUS": 0,
        "SANE": 0,
        "VALID": 0,
        "total": 2155
    },
    "percentage": {
        "ACTIVE": 99.95359628770302,
        "INACTIVE": 0.1457725947521866,
        "INVALID": 0,
        "MALICIOUS": 0,
        "SANE": 0,
        "VALID": 0,
        "total": 100.09936888245521
    }
}