{
    "counter": {
        "ACTIVE": 1136,
        "INACTIVE": 1,
        "INVALID": 0,
        "MALICIOUS": 0,
        "SANE": 0,
        "VALID": 0,
        "total": 1137
    },
    "percentage": {
        "ACTIVE": 99.91204925241864,
        "INACTIVE": 0.5747126436781609,
        "INVALID": 0,
        "MALICIOUS": 0,
        "SANE": 0,
        "VALID": 0,
        "total": 100.4867618960968
    }
}