{
    "counter": {
        "ACTIVE": 3624,
        "INACTIVE": 1,
        "INVALID": 0,
        "MALICIOUS": 0,
        "SANE": 0,
        "VALID": 0,
        "total": 3625
    },
    "percentage": {
        "ACTIVE": 99.97241379310344,
        "INACTIVE": 0.046189376443418015,
        "INVALID": 0,
        "MALICIOUS": 0,
        "SANE": 0,
        "VALID": 0,
        "total": 100.01860316954686
    }
}