{
    "counter": {
        "ACTIVE": 803,
        "INACTIVE": 1,
        "INVALID": 0,
        "MALICIOUS": 0,
        "SANE": 0,
        "VALID": 0,
        "total": 804
    },
    "percentage": {
        "ACTIVE": 99.87562189054727,
        "INACTIVE": 0.1926782273603083,
        "INVALID": 0,
        "MALICIOUS": 0,
        "SANE": 0,
        "VALID": 0,
        "total": 100.06830011790757
    }
}