{
    "counter": {
        "ACTIVE": 2915,
        "INACTIVE": 1,
        "INVALID": 0,
        "MALICIOUS": 0,
        "SANE": 0,
        "VALID": 0,
        "total": 2916
    },
    "percentage": {
        "ACTIVE": 99.96570644718793,
        "INACTIVE": 0.2770083102493075,
        "INVALID": 0,
        "MALICIOUS": 0,
        "SANE": 0,
        "VALID": 0,
        "total": 100.24271475743723
    }
}