{
    "counter": {
        "ACTIVE": 792,
        "INACTIVE": 1,
        "INVALID": 0,
        "MALICIOUS": 0,
        "SANE": 0,
        "VALID": 0,
        "total": 793
    },
    "percentage": {
        "ACTIVE": 99.87389659520807,
        "INACTIVE": 0.1579778830963665,
        "INVALID": 0,
        "MALICIOUS": 0,
        "SANE": 0,
        "VALID": 0,
        "total": 100.03187447830443
    }
}