{
    "counter": {
        "ACTIVE": 2897,
        "INACTIVE": 2,
        "INVALID": 0,
        "MALICIOUS": 0,
        "SANE": 0,
        "VALID": 0,
        "total": 2899
    },
    "percentage": {
        "ACTIVE": 99.93101069334253,
        "INACTIVE": 0.14609203798392986,
        "INVALID": 0,
        "MALICIOUS": 0,
        "SANE": 0,
        "VALID": 0,
        "total": 100.07710273132646
    }
}