{
    "counter": {
        "ACTIVE": 2290,
        "INACTIVE": 1,
        "INVALID": 0,
        "MALICIOUS": 0,
        "SANE": 0,
        "VALID": 0,
        "total": 2291
    },
    "percentage": {
        "ACTIVE": 99.95635093845482,
        "INACTIVE": 0.24813895781637718,
        "INVALID": 0,
        "MALICIOUS": 0,
        "SANE": 0,
        "VALID": 0,
        "total": 100.2044898962712
    }
}