{
    "counter": {
        "ACTIVE": 797,
        "INACTIVE": 2,
        "INVALID": 0,
        "MALICIOUS": 0,
        "SANE": 0,
        "VALID": 0,
        "total": 799
    },
    "percentage": {
        "ACTIVE": 99.87468671679198,
        "INACTIVE": 0.2503128911138924,
        "INVALID": 0,
        "MALICIOUS": 0,
        "SANE": 0,
        "VALID": 0,
        "total": 100.12499960790588
    }
}