{
    "counter": {
        "ACTIVE": 2064,
        "INACTIVE": 1,
        "INVALID": 0,
        "MALICIOUS": 0,
        "SANE": 0,
        "VALID": 0,
        "total": 2065
    },
    "percentage": {
        "ACTIVE": 99.95157384987894,
        "INACTIVE": 0.08605851979345955,
        "INVALID": 0,
        "MALICIOUS": 0,
        "SANE": 0,
        "VALID": 0,
        "total": 100.0376323696724
    }
}