{
    "counter": {
        "ACTIVE": 3662,
        "INACTIVE": 1,
        "INVALID": 0,
        "MALICIOUS": 0,
        "SANE": 0,
        "VALID": 0,
        "total": 3663
    },
    "percentage": {
        "ACTIVE": 99.97269997269997,
        "INACTIVE": 0.027307482250136537,
        "INVALID": 0,
        "MALICIOUS": 0,
        "SANE": 0,
        "VALID": 0,
        "total": 100.00000745495011
    }
}