{
    "counter": {
        "ACTIVE": 3576,
        "INACTIVE": 2,
        "INVALID": 0,
        "MALICIOUS": 0,
        "SANE": 0,
        "VALID": 0,
        "total": 3578
    },
    "percentage": {
        "ACTIVE": 99.94410285075462,
        "INACTIVE": 0.2656042496679947,
        "INVALID": 0,
        "MALICIOUS": 0,
        "SANE": 0,
        "VALID": 0,
        "total": 100.20970710042262
    }
}