{
    "counter": {
        "ACTIVE": 2711,
        "INACTIVE": 1,
        "INVALID": 0,
        "MALICIOUS": 0,
        "SANE": 0,
        "VALID": 0,
        "total": 2712
    },
    "percentage": {
        "ACTIVE": 99.96312684365782,
        "INACTIVE": 0.08605851979345955,
        "INVALID": 0,
        "MALICIOUS": 0,
        "SANE": 0,
        "VALID": 0,
        "total": 100.04918536345127
    }
}