{
    "counter": {
        "ACTIVE": 549,
        "INACTIVE": 2,
        "INVALID": 0,
        "MALICIOUS": 0,
        "SANE": 0,
        "VALID": 0,
        "total": 551
    },
    "percentage": {
        "ACTIVE": 99.63702359346642,
        "INACTIVE": 1.4814814814814814,
        "INVALID": 0,
        "MALICIOUS": 0,
        "SANE": 0,
        "VALID": 0,
        "total": 101.1185050749479
    }
}