{
    "counter": {
        "ACTIVE": 2210,
        "INACTIVE": 1,
        "INVALID": 0,
        "MALICIOUS": 0,
        "SANE": 0,
        "VALID": 0,
        "total": 2211
    },
    "percentage": {
        "ACTIVE": 99.95477159656264,
        "INACTIVE": 0.13908205841446453,
        "INVALID": 0,
        "MALICIOUS": 0,
        "SANE": 0,
        "VALID": 0,
        "total": 100.0938536549771
    }
}