{
    "counter": {
        "ACTIVE": 1503,
        "INACTIVE": 1,
        "INVALID": 0,
        "MALICIOUS": 0,
        "SANE": 0,
        "VALID": 0,
        "total": 1504
    },
    "percentage": {
        "ACTIVE": 99.93351063829788,
        "INACTIVE": 0.12531328320802004,
        "INVALID": 0,
        "MALICIOUS": 0,
        "SANE": 0,
        "VALID": 0,
        "total": 100.05882392150589
    }
}