{
    "counter": {
        "ACTIVE": 2838,
        "INACTIVE": 1,
        "INVALID": 0,
        "MALICIOUS": 0,
        "SANE": 0,
        "VALID": 0,
        "total": 2839
    },
    "percentage": {
        "ACTIVE": 99.96477632969355,
        "INACTIVE": 0.11467889908256881,
        "INVALID": 0,
        "MALICIOUS": 0,
        "SANE": 0,
        "VALID": 0,
        "total": 100.07945522877611
    }
}