{
    "counter": {
        "ACTIVE": 2496,
        "INACTIVE": 1,
        "INVALID": 0,
        "MALICIOUS": 0,
        "SANE": 0,
        "VALID": 0,
        "total": 2497
    },
    "percentage": {
        "ACTIVE": 99.9599519423308,
        "INACTIVE": 0.1890359168241966,
        "INVALID": 0,
        "MALICIOUS": 0,
        "SANE": 0,
        "VALID": 0,
        "total": 100.148987859155
    }
}