{
    "counter": {
        "ACTIVE": 1094,
        "INACTIVE": 1,
        "INVALID": 0,
        "MALICIOUS": 0,
        "SANE": 0,
        "VALID": 0,
        "total": 1095
    },
    "percentage": {
        "ACTIVE": 99.90867579908675,
        "INACTIVE": 0.1457725947521866,
        "INVALID": 0,
        "MALICIOUS": 0,
        "SANE": 0,
        "VALID": 0,
        "total": 100.05444839383894
    }
}