{
    "counter": {
        "ACTIVE": 1494,
        "INACTIVE": 1,
        "INVALID": 0,
        "MALICIOUS": 0,
        "SANE": 0,
        "VALID": 0,
        "total": 1495
    },
    "percentage": {
        "ACTIVE": 99.93311036789298,
        "INACTIVE": 0.13531799729364005,
        "INVALID": 0,
        "MALICIOUS": 0,
        "SANE": 0,
        "VALID": 0,
        "total": 100.06842836518662
    }
}