{
    "counter": {
        "ACTIVE": 1158,
        "INACTIVE": 1,
        "INVALID": 0,
        "MALICIOUS": 0,
        "SANE": 0,
        "VALID": 0,
        "total": 1159
    },
    "percentage": {
        "ACTIVE": 99.9137187230371,
        "INACTIVE": 0.2242152466367713,
        "INVALID": 0,
        "MALICIOUS": 0,
        "SANE": 0,
        "VALID": 0,
        "total": 100.13793396967388
    }
}