{
    "counter": {
        "ACTIVE": 3265,
        "INACTIVE": 1,
        "INVALID": 0,
        "MALICIOUS": 0,
        "SANE": 0,
        "VALID": 0,
        "total": 3266
    },
    "percentage": {
        "ACTIVE": 99.96938150642988,
        "INACTIVE": 0.7518796992481203,
        "INVALID": 0,
        "MALICIOUS": 0,
        "SANE": 0,
        "VALID": 0,
        "total": 100.721261205678
    }
}