{
    "counter": {
        "ACTIVE": 2839,
        "INACTIVE": 2,
        "INVALID": 0,
        "MALICIOUS": 0,
        "SANE": 0,
        "VALID": 0,
        "total": 2841
    },
    "percentage": {
        "ACTIVE": 99.92960225272792,
        "INACTIVE": 0.13271400132714,
        "INVALID": 0,
        "MALICIOUS": 0,
        "SANE": 0,
        "VALID": 0,
        "total": 100.06231625405506
    }
}