{
    "counter": {
        "ACTIVE": 3378,
        "INACTIVE": 3,
        "INVALID": 0,
        "MALICIOUS": 0,
        "SANE": 0,
        "VALID": 0,
        "total": 3381
    },
    "percentage": {
        "ACTIVE": 99.91126885536823,
        "INACTIVE": 0.1236603462489695,
        "INVALID": 0,
        "MALICIOUS": 0,
        "SANE": 0,
        "VALID": 0,
        "total": 100.0349292016172
    }
}