{
    "counter": {
        "ACTIVE": 2653,
        "INACTIVE": 13,
        "INVALID": 0,
        "MALICIOUS": 0,
        "SANE": 0,
        "VALID": 0,
        "total": 2666
    },
    "percentage": {
        "ACTIVE": 99.51237809452363,
        "INACTIVE": 0.5218787635487756,
        "INVALID": 0,
        "MALICIOUS": 0,
        "SANE": 0,
        "VALID": 0,
        "total": 100.0342568580724
    }
}