{
    "counter": {
        "ACTIVE": 930,
        "INACTIVE": 1,
        "INVALID": 0,
        "MALICIOUS": 0,
        "SANE": 0,
        "VALID": 0,
        "total": 931
    },
    "percentage": {
        "ACTIVE": 99.89258861439312,
        "INACTIVE": 0.7518796992481203,
        "INVALID": 0,
        "MALICIOUS": 0,
        "SANE": 0,
        "VALID": 0,
        "total": 100.64446831364124
    }
}