{
    "counter": {
        "ACTIVE": 2271,
        "INACTIVE": 2,
        "INVALID": 0,
        "MALICIOUS": 0,
        "SANE": 0,
        "VALID": 0,
        "total": 2273
    },
    "percentage": {
        "ACTIVE": 99.91201055873296,
        "INACTIVE": 1.4814814814814814,
        "INVALID": 0,
        "MALICIOUS": 0,
        "SANE": 0,
        "VALID": 0,
        "total": 101.39349204021444
    }
}