{
    "counter": {
        "ACTIVE": 1485,
        "INACTIVE": 1,
        "INVALID": 0,
        "MALICIOUS": 0,
        "SANE": 0,
        "VALID": 0,
        "total": 1486
    },
    "percentage": {
        "ACTIVE": 99.93270524899057,
        "INACTIVE": 0.1721170395869191,
        "INVALID": 0,
        "MALICIOUS": 0,
        "SANE": 0,
        "VALID": 0,
        "total": 100.1048222885775
    }
}