{
    "counter": {
        "ACTIVE": 2142,
        "INACTIVE": 1,
        "INVALID": 0,
        "MALICIOUS": 0,
        "SANE": 0,
        "VALID": 0,
        "total": 2143
    },
    "percentage": {
        "ACTIVE": 99.95333644423705,
        "INACTIVE": 0.5747126436781609,
        "INVALID": 0,
        "MALICIOUS": 0,
        "SANE": 0,
        "VALID": 0,
        "total": 100.5280490879152
    }
}