{
    "counter": {
        "ACTIVE": 818,
        "INACTIVE": 1,
        "INVALID": 0,
        "MALICIOUS": 0,
        "SANE": 0,
        "VALID": 0,
        "total": 819
    },
    "percentage": {
        "ACTIVE": 99.87789987789988,
        "INACTIVE": 0.5747126436781609,
        "INVALID": 0,
        "MALICIOUS": 0,
        "SANE": 0,
        "VALID": 0,
        "total": 100.45261252157803
    }
}