{
    "counter": {
        "ACTIVE": 2288,
        "INACTIVE": 1,
        "INVALID": 0,
        "MALICIOUS": 0,
        "SANE": 0,
        "VALID": 0,
        "total": 2289
    },
    "percentage": {
        "ACTIVE": 99.9563128003495,
        "INACTIVE": 0.6369426751592356,
        "INVALID": 0,
        "MALICIOUS": 0,
        "SANE": 0,
        "VALID": 0,
        "total": 100.59325547550873
    }
}