{
    "counter": {
        "ACTIVE": 3131,
        "INACTIVE": 1,
        "INVALID": 0,
        "MALICIOUS": 0,
        "SANE": 0,
        "VALID": 0,
        "total": 3132
    },
    "percentage": {
        "ACTIVE": 99.96807151979566,
        "INACTIVE": 0.14084507042253522,
        "INVALID": 0,
        "MALICIOUS": 0,
        "SANE": 0,
        "VALID": 0,
        "total": 100.10891659021819
    }
}