{
    "counter": {
        "ACTIVE": 3286,
        "INACTIVE": 1,
        "INVALID": 0,
        "MALICIOUS": 0,
        "SANE": 0,
        "VALID": 0,
        "total": 3287
    },
    "percentage": {
        "ACTIVE": 99.96957712199574,
        "INACTIVE": 0.22935779816513763,
        "INVALID": 0,
        "MALICIOUS": 0,
        "SANE": 0,
        "VALID": 0,
        "total": 100.19893492016088
    }
}