{
    "counter": {
        "ACTIVE": 2063,
        "INACTIVE": 1,
        "INVALID": 0,
        "MALICIOUS": 0,
        "SANE": 0,
        "VALID": 0,
        "total": 2064
    },
    "percentage": {
        "ACTIVE": 99.9515503875969,
        "INACTIVE": 0.12531328320802004,
        "INVALID": 0,
        "MALICIOUS": 0,
        "SANE": 0,
        "VALID": 0,
        "total": 100.07686367080491
    }
}