{
    "counter": {
        "ACTIVE": 3028,
        "INACTIVE": 1,
        "INVALID": 0,
        "MALICIOUS": 0,
        "SANE": 0,
        "VALID": 0,
        "total": 3029
    },
    "percentage": {
        "ACTIVE": 99.96698580389568,
        "INACTIVE": 0.1579778830963665,
        "INVALID": 0,
        "MALICIOUS": 0,
        "SANE": 0,
        "VALID": 0,
        "total": 100.12496368699205
    }
}