{
    "counter": {
        "ACTIVE": 1868,
        "INACTIVE": 1,
        "INVALID": 0,
        "MALICIOUS": 0,
        "SANE": 0,
        "VALID": 0,
        "total": 1869
    },
    "percentage": {
        "ACTIVE": 99.94649545211342,
        "INACTIVE": 0.6172839506172839,
        "INVALID": 0,
        "MALICIOUS": 0,
        "SANE": 0,
        "VALID": 0,
        "total": 100.5637794027307
    }
}