{
    "counter": {
        "ACTIVE": 3197,
        "INACTIVE": 1,
        "INVALID": 0,
        "MALICIOUS": 0,
        "SANE": 0,
        "VALID": 0,
        "total": 3198
    },
    "percentage": {
        "ACTIVE": 99.96873045653534,
        "INACTIVE": 0.06361323155216285,
        "INVALID": 0,
        "MALICIOUS": 0,
        "SANE": 0,
        "VALID": 0,
        "total": 100.03234368808751
    }
}