{
    "counter": {
        "ACTIVE": 3513,
        "INACTIVE": 1,
        "INVALID": 0,
        "MALICIOUS": 0,
        "SANE": 0,
        "VALID": 0,
        "total": 3514
    },
    "percentage": {
        "ACTIVE": 99.97154240182128,
        "INACTIVE": 0.13831258644536654,
        "INVALID": 0,
        "MALICIOUS": 0,
        "SANE": 0,
        "VALID": 0,
        "total": 100.10985498826665
    }
}