{
    "counter": {
        "ACTIVE": 3134,
        "INACTIVE": 3,
        "INVALID": 0,
        "MALICIOUS": 0,
        "SANE": 0,
        "VALID": 0,
        "total": 3137
    },
    "percentage": {
        "ACTIVE": 99.90436722983742,
        "INACTIVE": 0.3464203233256351,
        "INVALID": 0,
        "MALICIOUS": 0,
        "SANE": 0,
        "VALID": 0,
        "total": 100.25078755316305
    }
}