{
    "counter": {
        "ACTIVE": 1075,
        "INACTIVE": 2,
        "INVALID": 0,
        "MALICIOUS": 0,
        "SANE": 0,
        "VALID": 0,
        "total": 1077
    },
    "percentage": {
        "ACTIVE": 99.81429897864439,
        "INACTIVE": 1.2048192771084338,
        "INVALID": 0,
        "MALICIOUS": 0,
        "SANE": 0,
        "VALID": 0,
        "total": 101.01911825575282
    }
}