{
    "counter": {
        "ACTIVE": 3420,
        "INACTIVE": 1,
        "INVALID": 0,
        "MALICIOUS": 0,
        "SANE": 0,
        "VALID": 0,
        "total": 3421
    },
    "percentage": {
        "ACTIVE": 99.97076878105817,
        "INACTIVE": 0.2079002079002079,
        "INVALID": 0,
        "MALICIOUS": 0,
        "SANE": 0,
        "VALID": 0,
        "total": 100.17866898895838
    }
}