{
    "counter": {
        "ACTIVE": 1491,
        "INACTIVE": 1,
        "INVALID": 0,
        "MALICIOUS": 0,
        "SANE": 0,
        "VALID": 0,
        "total": 1492
    },
    "percentage": {
        "ACTIVE": 99.93297587131367,
        "INACTIVE": 0.10515247108307045,
        "INVALID": 0,
        "MALICIOUS": 0,
        "SANE": 0,
        "VALID": 0,
        "total": 100.03812834239675
    }
}