{
    "counter": {
        "ACTIVE": 3584,
        "INACTIVE": 1,
        "INVALID": 0,
        "MALICIOUS": 0,
        "SANE": 0,
        "VALID": 0,
        "total": 3585
    },
    "percentage": {
        "ACTIVE": 99.9721059972106,
        "INACTIVE": 0.033211557622052475,
        "INVALID": 0,
        "MALICIOUS": 0,
        "SANE": 0,
        "VALID": 0,
        "total": 100.00531755483266
    }
}