{
    "counter": {
        "ACTIVE": 2329,
        "INACTIVE": 2,
        "INVALID": 0,
        "MALICIOUS": 0,
        "SANE": 0,
        "VALID": 0,
        "total": 2331
    },
    "percentage": {
        "ACTIVE": 99.91419991419991,
        "INACTIVE": 0.14609203798392986,
        "INVALID": 0,
        "MALICIOUS": 0,
        "SANE": 0,
        "VALID": 0,
        "total": 100.06029195218385
    }
}