{
    "counter": {
        "ACTIVE": 2838,
        "INACTIVE": 1,
        "INVALID": 0,
        "MALICIOUS": 0,
        "SANE": 0,
        "VALID": 0,
        "total": 2839
    },
    "percentage": {
        "ACTIVE": 99.96477632969355,
        "INACTIVE": 0.11574074074074074,
        "INVALID": 0,
        "MALICIOUS": 0,
        "SANE": 0,
        "VALID": 0,
        "total": 100.0805170704343
    }
}