{
    "counter": {
        "ACTIVE": 3620,
        "INACTIVE": 1,
        "INVALID": 0,
        "MALICIOUS": 0,
        "SANE": 0,
        "VALID": 0,
        "total": 3621
    },
    "percentage": {
        "ACTIVE": 99.972383319525,
        "INACTIVE": 0.0855431993156544,
        "INVALID": 0,
        "MALICIOUS": 0,
        "SANE": 0,
        "VALID": 0,
        "total": 100.05792651884065
    }
}