{
    "counter": {
        "ACTIVE": 1095,
        "INACTIVE": 2,
        "INVALID": 0,
        "MALICIOUS": 0,
        "SANE": 0,
        "VALID": 0,
        "total": 1097
    },
    "percentage": {
        "ACTIVE": 99.81768459434822,
        "INACTIVE": 1.4814814814814814,
        "INVALID": 0,
        "MALICIOUS": 0,
        "SANE": 0,
        "VALID": 0,
        "total": 101.2991660758297
    }
}