{
    "counter": {
        "ACTIVE": 1081,
        "INACTIVE": 1,
        "INVALID": 0,
        "MALICIOUS": 0,
        "SANE": 0,
        "VALID": 0,
        "total": 1082
    },
    "percentage": {
        "ACTIVE": 99.90757855822551,
        "INACTIVE": 0.24813895781637718,
        "INVALID": 0,
        "MALICIOUS": 0,
        "SANE": 0,
        "VALID": 0,
        "total": 100.15571751604189
    }
}