{
    "counter": {
        "ACTIVE": 2525,
        "INACTIVE": 1,
        "INVALID": 0,
        "MALICIOUS": 0,
        "SANE": 0,
        "VALID": 0,
        "total": 2526
    },
    "percentage": {
        "ACTIVE": 99.96041171813144,
        "INACTIVE": 0.17985611510791366,
        "INVALID": 0,
        "MALICIOUS": 0,
        "SANE": 0,
        "VALID": 0,
        "total": 100.14026783323935
    }
}