{
    "counter": {
        "ACTIVE": 3622,
        "INACTIVE": 1,
        "INVALID": 0,
        "MALICIOUS": 0,
        "SANE": 0,
        "VALID": 0,
        "total": 3623
    },
    "percentage": {
        "ACTIVE": 99.97239856472537,
        "INACTIVE": 0.13831258644536654,
        "INVALID": 0,
        "MALICIOUS": 0,
        "SANE": 0,
        "VALID": 0,
        "total": 100.11071115117073
    }
}