{
    "counter": {
        "ACTIVE": 2573,
        "INACTIVE": 1,
        "INVALID": 0,
        "MALICIOUS": 0,
        "SANE": 0,
        "VALID": 0,
        "total": 2574
    },
    "percentage": {
        "ACTIVE": 99.96114996114996,
        "INACTIVE": 0.2770083102493075,
        "INVALID": 0,
        "MALICIOUS": 0,
        "SANE": 0,
        "VALID": 0,
        "total": 100.23815827139927
    }
}