{
    "counter": {
        "ACTIVE": 175,
        "INACTIVE": 1,
        "INVALID": 0,
        "MALICIOUS": 0,
        "SANE": 0,
        "VALID": 0,
        "total": 176
    },
    "percentage": {
        "ACTIVE": 99.43181818181819,
        "INACTIVE": 0.5747126436781609,
        "INVALID": 0,
        "MALICIOUS": 0,
        "SANE": 0,
        "VALID": 0,
        "total": 100.00653082549634
    }
}