{
    "counter": {
        "ACTIVE": 3620,
        "INACTIVE": 2,
        "INVALID": 0,
        "MALICIOUS": 0,
        "SANE": 0,
        "VALID": 0,
        "total": 3622
    },
    "percentage": {
        "ACTIVE": 99.94478188845942,
        "INACTIVE": 0.06108735491753207,
        "INVALID": 0,
        "MALICIOUS": 0,
        "SANE": 0,
        "VALID": 0,
        "total": 100.00586924337695
    }
}