{
    "counter": {
        "ACTIVE": 2720,
        "INACTIVE": 1,
        "INVALID": 0,
        "MALICIOUS": 0,
        "SANE": 0,
        "VALID": 0,
        "total": 2721
    },
    "percentage": {
        "ACTIVE": 99.96324880558618,
        "INACTIVE": 0.1926782273603083,
        "INVALID": 0,
        "MALICIOUS": 0,
        "SANE": 0,
        "VALID": 0,
        "total": 100.15592703294648
    }
}