{
    "counter": {
        "ACTIVE": 2855,
        "INACTIVE": 1,
        "INVALID": 0,
        "MALICIOUS": 0,
        "SANE": 0,
        "VALID": 0,
        "total": 2856
    },
    "percentage": {
        "ACTIVE": 99.96498599439776,
        "INACTIVE": 0.06361323155216285,
        "INVALID": 0,
        "MALICIOUS": 0,
        "SANE": 0,
        "VALID": 0,
        "total": 100.02859922594993
    }
}