{
    "counter": {
        "ACTIVE": 2469,
        "INACTIVE": 1,
        "INVALID": 0,
        "MALICIOUS": 0,
        "SANE": 0,
        "VALID": 0,
        "total": 2470
    },
    "percentage": {
        "ACTIVE": 99.95951417004049,
        "INACTIVE": 0.0855431993156544,
        "INVALID": 0,
        "MALICIOUS": 0,
        "SANE": 0,
        "VALID": 0,
        "total": 100.04505736935614
    }
}