{
    "counter": {
        "ACTIVE": 2517,
        "INACTIVE": 1,
        "INVALID": 0,
        "MALICIOUS": 0,
        "SANE": 0,
        "VALID": 0,
        "total": 2518
    },
    "percentage": {
        "ACTIVE": 99.96028594122319,
        "INACTIVE": 0.6289308176100629,
        "INVALID": 0,
        "MALICIOUS": 0,
        "SANE": 0,
        "VALID": 0,
        "total": 100.58921675883326
    }
}