{
    "counter": {
        "ACTIVE": 3386,
        "INACTIVE": 3,
        "INVALID": 0,
        "MALICIOUS": 0,
        "SANE": 0,
        "VALID": 0,
        "total": 3389
    },
    "percentage": {
        "ACTIVE": 99.91147831218649,
        "INACTIVE": 0.1236603462489695,
        "INVALID": 0,
        "MALICIOUS": 0,
        "SANE": 0,
        "VALID": 0,
        "total": 100.03513865843546
    }
}