{
    "counter": {
        "ACTIVE": 152,
        "INACTIVE": 1,
        "INVALID": 0,
        "MALICIOUS": 0,
        "SANE": 0,
        "VALID": 0,
        "total": 153
    },
    "percentage": {
        "ACTIVE": 99.34640522875817,
        "INACTIVE": 1.0204081632653061,
        "INVALID": 0,
        "MALICIOUS": 0,
        "SANE": 0,
        "VALID": 0,
        "total": 100.36681339202347
    }
}