{
    "counter": {
        "ACTIVE": 2537,
        "INACTIVE": 1,
        "INVALID": 0,
        "MALICIOUS": 0,
        "SANE": 0,
        "VALID": 0,
        "total": 2538
    },
    "percentage": {
        "ACTIVE": 99.96059889676911,
        "INACTIVE": 0.046189376443418015,
        "INVALID": 0,
        "MALICIOUS": 0,
        "SANE": 0,
        "VALID": 0,
        "total": 100.00678827321254
    }
}