{
    "counter": {
        "ACTIVE": 1490,
        "INACTIVE": 1,
        "INVALID": 0,
        "MALICIOUS": 0,
        "SANE": 0,
        "VALID": 0,
        "total": 1491
    },
    "percentage": {
        "ACTIVE": 99.93293091884641,
        "INACTIVE": 0.13831258644536654,
        "INVALID": 0,
        "MALICIOUS": 0,
        "SANE": 0,
        "VALID": 0,
        "total": 100.07124350529178
    }
}