{
    "counter": {
        "ACTIVE": 3183,
        "INACTIVE": 1,
        "INVALID": 0,
        "MALICIOUS": 0,
        "SANE": 0,
        "VALID": 0,
        "total": 3184
    },
    "percentage": {
        "ACTIVE": 99.96859296482413,
        "INACTIVE": 0.1890359168241966,
        "INVALID": 0,
        "MALICIOUS": 0,
        "SANE": 0,
        "VALID": 0,
        "total": 100.15762888164832
    }
}