{
    "counter": {
        "ACTIVE": 2820,
        "INACTIVE": 1,
        "INVALID": 0,
        "MALICIOUS": 0,
        "SANE": 0,
        "VALID": 0,
        "total": 2821
    },
    "percentage": {
        "ACTIVE": 99.9645515774548,
        "INACTIVE": 0.045787545787545784,
        "INVALID": 0,
        "MALICIOUS": 0,
        "SANE": 0,
        "VALID": 0,
        "total": 100.01033912324235
    }
}