{
    "counter": {
        "ACTIVE": 2802,
        "INACTIVE": 1,
        "INVALID": 0,
        "MALICIOUS": 0,
        "SANE": 0,
        "VALID": 0,
        "total": 2803
    },
    "percentage": {
        "ACTIVE": 99.96432393863718,
        "INACTIVE": 0.0855431993156544,
        "INVALID": 0,
        "MALICIOUS": 0,
        "SANE": 0,
        "VALID": 0,
        "total": 100.04986713795283
    }
}