{
    "counter": {
        "ACTIVE": 3556,
        "INACTIVE": 1,
        "INVALID": 0,
        "MALICIOUS": 0,
        "SANE": 0,
        "VALID": 0,
        "total": 3557
    },
    "percentage": {
        "ACTIVE": 99.9718864211414,
        "INACTIVE": 0.1692047377326565,
        "INVALID": 0,
        "MALICIOUS": 0,
        "SANE": 0,
        "VALID": 0,
        "total": 100.14109115887406
    }
}