{
    "counter": {
        "ACTIVE": 2121,
        "INACTIVE": 1,
        "INVALID": 0,
        "MALICIOUS": 0,
        "SANE": 0,
        "VALID": 0,
        "total": 2122
    },
    "percentage": {
        "ACTIVE": 99.95287464655985,
        "INACTIVE": 0.1579778830963665,
        "INVALID": 0,
        "MALICIOUS": 0,
        "SANE": 0,
        "VALID": 0,
        "total": 100.11085252965621
    }
}