{
    "counter": {
        "ACTIVE": 1084,
        "INACTIVE": 1,
        "INVALID": 0,
        "MALICIOUS": 0,
        "SANE": 0,
        "VALID": 0,
        "total": 1085
    },
    "percentage": {
        "ACTIVE": 99.90783410138249,
        "INACTIVE": 0.20040080160320642,
        "INVALID": 0,
        "MALICIOUS": 0,
        "SANE": 0,
        "VALID": 0,
        "total": 100.1082349029857
    }
}