{
    "counter": {
        "ACTIVE": 2655,
        "INACTIVE": 2,
        "INVALID": 0,
        "MALICIOUS": 0,
        "SANE": 0,
        "VALID": 0,
        "total": 2657
    },
    "percentage": {
        "ACTIVE": 99.92472713586751,
        "INACTIVE": 1.4814814814814814,
        "INVALID": 0,
        "MALICIOUS": 0,
        "SANE": 0,
        "VALID": 0,
        "total": 101.406208617349
    }
}