{
    "counter": {
        "ACTIVE": 2483,
        "INACTIVE": 1,
        "INVALID": 0,
        "MALICIOUS": 0,
        "SANE": 0,
        "VALID": 0,
        "total": 2484
    },
    "percentage": {
        "ACTIVE": 99.9597423510467,
        "INACTIVE": 0.13831258644536654,
        "INVALID": 0,
        "MALICIOUS": 0,
        "SANE": 0,
        "VALID": 0,
        "total": 100.09805493749207
    }
}