{
    "counter": {
        "ACTIVE": 2402,
        "INACTIVE": 6,
        "INVALID": 0,
        "MALICIOUS": 0,
        "SANE": 0,
        "VALID": 0,
        "total": 2408
    },
    "percentage": {
        "ACTIVE": 99.75083056478405,
        "INACTIVE": 0.2540220152413209,
        "INVALID": 0,
        "MALICIOUS": 0,
        "SANE": 0,
        "VALID": 0,
        "total": 100.00485258002537
    }
}