{
    "counter": {
        "ACTIVE": 1058,
        "INACTIVE": 3,
        "INVALID": 0,
        "MALICIOUS": 0,
        "SANE": 0,
        "VALID": 0,
        "total": 1061
    },
    "percentage": {
        "ACTIVE": 99.71724787935909,
        "INACTIVE": 0.20161290322580644,
        "INVALID": 0,
        "MALICIOUS": 0,
        "SANE": 0,
        "VALID": 0,
        "total": 99.9188607825849
    }
}