{
    "counter": {
        "ACTIVE": 1475,
        "INACTIVE": 1,
        "INVALID": 0,
        "MALICIOUS": 0,
        "SANE": 0,
        "VALID": 0,
        "total": 1476
    },
    "percentage": {
        "ACTIVE": 99.93224932249322,
        "INACTIVE": 0.11467889908256881,
        "INVALID": 0,
        "MALICIOUS": 0,
        "SANE": 0,
        "VALID": 0,
        "total": 100.04692822157578
    }
}