{
    "counter": {
        "ACTIVE": 2699,
        "INACTIVE": 1,
        "INVALID": 0,
        "MALICIOUS": 0,
        "SANE": 0,
        "VALID": 0,
        "total": 2700
    },
    "percentage": {
        "ACTIVE": 99.96296296296296,
        "INACTIVE": 0.12269938650306748,
        "INVALID": 0,
        "MALICIOUS": 0,
        "SANE": 0,
        "VALID": 0,
        "total": 100.08566234946603
    }
}