{
    "counter": {
        "ACTIVE": 3197,
        "INACTIVE": 1,
        "INVALID": 0,
        "MALICIOUS": 0,
        "SANE": 0,
        "VALID": 0,
        "total": 3198
    },
    "percentage": {
        "ACTIVE": 99.96873045653534,
        "INACTIVE": 0.2242152466367713,
        "INVALID": 0,
        "MALICIOUS": 0,
        "SANE": 0,
        "VALID": 0,
        "total": 100.19294570317211
    }
}