{
    "counter": {
        "ACTIVE": 3469,
        "INACTIVE": 3,
        "INVALID": 0,
        "MALICIOUS": 0,
        "SANE": 0,
        "VALID": 0,
        "total": 3472
    },
    "percentage": {
        "ACTIVE": 99.91359447004608,
        "INACTIVE": 0.3464203233256351,
        "INVALID": 0,
        "MALICIOUS": 0,
        "SANE": 0,
        "VALID": 0,
        "total": 100.26001479337171
    }
}