{
    "counter": {
        "ACTIVE": 2116,
        "INACTIVE": 2,
        "INVALID": 0,
        "MALICIOUS": 0,
        "SANE": 0,
        "VALID": 0,
        "total": 2118
    },
    "percentage": {
        "ACTIVE": 99.90557129367328,
        "INACTIVE": 0.2656042496679947,
        "INVALID": 0,
        "MALICIOUS": 0,
        "SANE": 0,
        "VALID": 0,
        "total": 100.17117554334128
    }
}