{
    "counter": {
        "ACTIVE": 1495,
        "INACTIVE": 1,
        "INVALID": 0,
        "MALICIOUS": 0,
        "SANE": 0,
        "VALID": 0,
        "total": 1496
    },
    "percentage": {
        "ACTIVE": 99.93315508021391,
        "INACTIVE": 0.1937984496124031,
        "INVALID": 0,
        "MALICIOUS": 0,
        "SANE": 0,
        "VALID": 0,
        "total": 100.12695352982631
    }
}