{
    "counter": {
        "ACTIVE": 1150,
        "INACTIVE": 1,
        "INVALID": 0,
        "MALICIOUS": 0,
        "SANE": 0,
        "VALID": 0,
        "total": 1151
    },
    "percentage": {
        "ACTIVE": 99.9131190269331,
        "INACTIVE": 0.24096385542168675,
        "INVALID": 0,
        "MALICIOUS": 0,
        "SANE": 0,
        "VALID": 0,
        "total": 100.15408288235479
    }
}