{
    "counter": {
        "ACTIVE": 3508,
        "INACTIVE": 1,
        "INVALID": 0,
        "MALICIOUS": 0,
        "SANE": 0,
        "VALID": 0,
        "total": 3509
    },
    "percentage": {
        "ACTIVE": 99.97150185237959,
        "INACTIVE": 0.11574074074074074,
        "INVALID": 0,
        "MALICIOUS": 0,
        "SANE": 0,
        "VALID": 0,
        "total": 100.08724259312034
    }
}