{
    "counter": {
        "ACTIVE": 3204,
        "INACTIVE": 8,
        "INVALID": 0,
        "MALICIOUS": 0,
        "SANE": 0,
        "VALID": 0,
        "total": 3212
    },
    "percentage": {
        "ACTIVE": 99.75093399750934,
        "INACTIVE": 0.7414272474513438,
        "INVALID": 0,
        "MALICIOUS": 0,
        "SANE": 0,
        "VALID": 0,
        "total": 100.49236124496068
    }
}