{
    "counter": {
        "ACTIVE": 3605,
        "INACTIVE": 2,
        "INVALID": 0,
        "MALICIOUS": 0,
        "SANE": 0,
        "VALID": 0,
        "total": 3607
    },
    "percentage": {
        "ACTIVE": 99.94455225949542,
        "INACTIVE": 0.14609203798392986,
        "INVALID": 0,
        "MALICIOUS": 0,
        "SANE": 0,
        "VALID": 0,
        "total": 100.09064429747936
    }
}