{
    "counter": {
        "ACTIVE": 931,
        "INACTIVE": 2,
        "INVALID": 0,
        "MALICIOUS": 0,
        "SANE": 0,
        "VALID": 0,
        "total": 933
    },
    "percentage": {
        "ACTIVE": 99.78563772775992,
        "INACTIVE": 1.4814814814814814,
        "INVALID": 0,
        "MALICIOUS": 0,
        "SANE": 0,
        "VALID": 0,
        "total": 101.2671192092414
    }
}