{
    "counter": {
        "ACTIVE": 1074,
        "INACTIVE": 1,
        "INVALID": 0,
        "MALICIOUS": 0,
        "SANE": 0,
        "VALID": 0,
        "total": 1075
    },
    "percentage": {
        "ACTIVE": 99.90697674418605,
        "INACTIVE": 0.1692047377326565,
        "INVALID": 0,
        "MALICIOUS": 0,
        "SANE": 0,
        "VALID": 0,
        "total": 100.07618148191871
    }
}