{
    "counter": {
        "ACTIVE": 2876,
        "INACTIVE": 1,
        "INVALID": 0,
        "MALICIOUS": 0,
        "SANE": 0,
        "VALID": 0,
        "total": 2877
    },
    "percentage": {
        "ACTIVE": 99.96524157108098,
        "INACTIVE": 0.1510574018126888,
        "INVALID": 0,
        "MALICIOUS": 0,
        "SANE": 0,
        "VALID": 0,
        "total": 100.11629897289367
    }
}