{
    "counter": {
        "ACTIVE": 1716,
        "INACTIVE": 2,
        "INVALID": 0,
        "MALICIOUS": 0,
        "SANE": 0,
        "VALID": 0,
        "total": 1718
    },
    "percentage": {
        "ACTIVE": 99.88358556461002,
        "INACTIVE": 1.2048192771084338,
        "INVALID": 0,
        "MALICIOUS": 0,
        "SANE": 0,
        "VALID": 0,
        "total": 101.08840484171844
    }
}