{
    "counter": {
        "ACTIVE": 3590,
        "INACTIVE": 1,
        "INVALID": 0,
        "MALICIOUS": 0,
        "SANE": 0,
        "VALID": 0,
        "total": 3591
    },
    "percentage": {
        "ACTIVE": 99.97215260373154,
        "INACTIVE": 0.12360939431396786,
        "INVALID": 0,
        "MALICIOUS": 0,
        "SANE": 0,
        "VALID": 0,
        "total": 100.09576199804552
    }
}