{
    "counter": {
        "ACTIVE": 3210,
        "INACTIVE": 1,
        "INVALID": 0,
        "MALICIOUS": 0,
        "SANE": 0,
        "VALID": 0,
        "total": 3211
    },
    "percentage": {
        "ACTIVE": 99.9688570538773,
        "INACTIVE": 0.2028397565922921,
        "INVALID": 0,
        "MALICIOUS": 0,
        "SANE": 0,
        "VALID": 0,
        "total": 100.1716968104696
    }
}