{
    "counter": {
        "ACTIVE": 3277,
        "INACTIVE": 2,
        "INVALID": 0,
        "MALICIOUS": 0,
        "SANE": 0,
        "VALID": 0,
        "total": 3279
    },
    "percentage": {
        "ACTIVE": 99.93900579444953,
        "INACTIVE": 0.0676132521974307,
        "INVALID": 0,
        "MALICIOUS": 0,
        "SANE": 0,
        "VALID": 0,
        "total": 100.00661904664696
    }
}