{
    "counter": {
        "ACTIVE": 3360,
        "INACTIVE": 1,
        "INVALID": 0,
        "MALICIOUS": 0,
        "SANE": 0,
        "VALID": 0,
        "total": 3361
    },
    "percentage": {
        "ACTIVE": 99.9702469503124,
        "INACTIVE": 0.030525030525030524,
        "INVALID": 0,
        "MALICIOUS": 0,
        "SANE": 0,
        "VALID": 0,
        "total": 100.00077198083743
    }
}