{
    "counter": {
        "ACTIVE": 1215,
        "INACTIVE": 1,
        "INVALID": 0,
        "MALICIOUS": 0,
        "SANE": 0,
        "VALID": 0,
        "total": 1216
    },
    "percentage": {
        "ACTIVE": 99.91776315789474,
        "INACTIVE": 0.7518796992481203,
        "INVALID": 0,
        "MALICIOUS": 0,
        "SANE": 0,
        "VALID": 0,
        "total": 100.66964285714286
    }
}