{
    "counter": {
        "ACTIVE": 3724,
        "INACTIVE": 1,
        "INVALID": 0,
        "MALICIOUS": 0,
        "SANE": 0,
        "VALID": 0,
        "total": 3725
    },
    "percentage": {
        "ACTIVE": 99.97315436241611,
        "INACTIVE": 1.0309278350515463,
        "INVALID": 0,
        "MALICIOUS": 0,
        "SANE": 0,
        "VALID": 0,
        "total": 101.00408219746765
    }
}