{
    "counter": {
        "ACTIVE": 901,
        "INACTIVE": 1,
        "INVALID": 0,
        "MALICIOUS": 0,
        "SANE": 0,
        "VALID": 0,
        "total": 902
    },
    "percentage": {
        "ACTIVE": 99.88913525498891,
        "INACTIVE": 0.12285012285012285,
        "INVALID": 0,
        "MALICIOUS": 0,
        "SANE": 0,
        "VALID": 0,
        "total": 100.01198537783904
    }
}