{
    "counter": {
        "ACTIVE": 2860,
        "INACTIVE": 1,
        "INVALID": 0,
        "MALICIOUS": 0,
        "SANE": 0,
        "VALID": 0,
        "total": 2861
    },
    "percentage": {
        "ACTIVE": 99.96504718629849,
        "INACTIVE": 0.0449034575662326,
        "INVALID": 0,
        "MALICIOUS": 0,
        "SANE": 0,
        "VALID": 0,
        "total": 100.00995064386473
    }
}