{
    "counter": {
        "ACTIVE": 836,
        "INACTIVE": 1,
        "INVALID": 0,
        "MALICIOUS": 0,
        "SANE": 0,
        "VALID": 0,
        "total": 837
    },
    "percentage": {
        "ACTIVE": 99.8805256869773,
        "INACTIVE": 0.13531799729364005,
        "INVALID": 0,
        "MALICIOUS": 0,
        "SANE": 0,
        "VALID": 0,
        "total": 100.01584368427093
    }
}