{
    "counter": {
        "ACTIVE": 1787,
        "INACTIVE": 3,
        "INVALID": 0,
        "MALICIOUS": 0,
        "SANE": 0,
        "VALID": 0,
        "total": 1790
    },
    "percentage": {
        "ACTIVE": 99.83240223463687,
        "INACTIVE": 0.3464203233256351,
        "INVALID": 0,
        "MALICIOUS": 0,
        "SANE": 0,
        "VALID": 0,
        "total": 100.1788225579625
    }
}