{
    "counter": {
        "ACTIVE": 2847,
        "INACTIVE": 1,
        "INVALID": 0,
        "MALICIOUS": 0,
        "SANE": 0,
        "VALID": 0,
        "total": 2848
    },
    "percentage": {
        "ACTIVE": 99.96488764044943,
        "INACTIVE": 0.10515247108307045,
        "INVALID": 0,
        "MALICIOUS": 0,
        "SANE": 0,
        "VALID": 0,
        "total": 100.0700401115325
    }
}