{
    "counter": {
        "ACTIVE": 2111,
        "INACTIVE": 1,
        "INVALID": 0,
        "MALICIOUS": 0,
        "SANE": 0,
        "VALID": 0,
        "total": 2112
    },
    "percentage": {
        "ACTIVE": 99.95265151515152,
        "INACTIVE": 0.23696682464454977,
        "INVALID": 0,
        "MALICIOUS": 0,
        "SANE": 0,
        "VALID": 0,
        "total": 100.18961833979607
    }
}