{
    "counter": {
        "ACTIVE": 1842,
        "INACTIVE": 1,
        "INVALID": 0,
        "MALICIOUS": 0,
        "SANE": 0,
        "VALID": 0,
        "total": 1843
    },
    "percentage": {
        "ACTIVE": 99.94574064026044,
        "INACTIVE": 0.2242152466367713,
        "INVALID": 0,
        "MALICIOUS": 0,
        "SANE": 0,
        "VALID": 0,
        "total": 100.16995588689721
    }
}