{
    "counter": {
        "ACTIVE": 2311,
        "INACTIVE": 3,
        "INVALID": 0,
        "MALICIOUS": 0,
        "SANE": 0,
        "VALID": 0,
        "total": 2314
    },
    "percentage": {
        "ACTIVE": 99.87035436473639,
        "INACTIVE": 0.20161290322580644,
        "INVALID": 0,
        "MALICIOUS": 0,
        "SANE": 0,
        "VALID": 0,
        "total": 100.0719672679622
    }
}