{
    "counter": {
        "ACTIVE": 2782,
        "INACTIVE": 1,
        "INVALID": 0,
        "MALICIOUS": 0,
        "SANE": 0,
        "VALID": 0,
        "total": 2783
    },
    "percentage": {
        "ACTIVE": 99.96406755300036,
        "INACTIVE": 0.03800836183960471,
        "INVALID": 0,
        "MALICIOUS": 0,
        "SANE": 0,
        "VALID": 0,
        "total": 100.00207591483996
    }
}