{
    "counter": {
        "ACTIVE": 1091,
        "INACTIVE": 1,
        "INVALID": 0,
        "MALICIOUS": 0,
        "SANE": 0,
        "VALID": 0,
        "total": 1092
    },
    "percentage": {
        "ACTIVE": 99.9084249084249,
        "INACTIVE": 0.2079002079002079,
        "INVALID": 0,
        "MALICIOUS": 0,
        "SANE": 0,
        "VALID": 0,
        "total": 100.11632511632511
    }
}