{
    "counter": {
        "ACTIVE": 2925,
        "INACTIVE": 1,
        "INVALID": 0,
        "MALICIOUS": 0,
        "SANE": 0,
        "VALID": 0,
        "total": 2926
    },
    "percentage": {
        "ACTIVE": 99.96582365003418,
        "INACTIVE": 0.12285012285012285,
        "INVALID": 0,
        "MALICIOUS": 0,
        "SANE": 0,
        "VALID": 0,
        "total": 100.0886737728843
    }
}