{
    "counter": {
        "ACTIVE": 1981,
        "INACTIVE": 3,
        "INVALID": 0,
        "MALICIOUS": 0,
        "SANE": 0,
        "VALID": 0,
        "total": 1984
    },
    "percentage": {
        "ACTIVE": 99.84879032258064,
        "INACTIVE": 0.20161290322580644,
        "INVALID": 0,
        "MALICIOUS": 0,
        "SANE": 0,
        "VALID": 0,
        "total": 100.05040322580645
    }
}