{
    "counter": {
        "ACTIVE": 3274,
        "INACTIVE": 2,
        "INVALID": 0,
        "MALICIOUS": 0,
        "SANE": 0,
        "VALID": 0,
        "total": 3276
    },
    "percentage": {
        "ACTIVE": 99.93894993894993,
        "INACTIVE": 0.14609203798392986,
        "INVALID": 0,
        "MALICIOUS": 0,
        "SANE": 0,
        "VALID": 0,
        "total": 100.08504197693387
    }
}