{
    "counter": {
        "ACTIVE": 284,
        "INACTIVE": 2,
        "INVALID": 0,
        "MALICIOUS": 0,
        "SANE": 0,
        "VALID": 0,
        "total": 286
    },
    "percentage": {
        "ACTIVE": 99.3006993006993,
        "INACTIVE": 1.4814814814814814,
        "INVALID": 0,
        "MALICIOUS": 0,
        "SANE": 0,
        "VALID": 0,
        "total": 100.78218078218079
    }
}