{
    "counter": {
        "ACTIVE": 1834,
        "INACTIVE": 1,
        "INVALID": 0,
        "MALICIOUS": 0,
        "SANE": 0,
        "VALID": 0,
        "total": 1835
    },
    "percentage": {
        "ACTIVE": 99.94550408719346,
        "INACTIVE": 0.13831258644536654,
        "INVALID": 0,
        "MALICIOUS": 0,
        "SANE": 0,
        "VALID": 0,
        "total": 100.08381667363882
    }
}