{
    "counter": {
        "ACTIVE": 2862,
        "INACTIVE": 1,
        "INVALID": 0,
        "MALICIOUS": 0,
        "SANE": 0,
        "VALID": 0,
        "total": 2863
    },
    "percentage": {
        "ACTIVE": 99.96507160321342,
        "INACTIVE": 0.24813895781637718,
        "INVALID": 0,
        "MALICIOUS": 0,
        "SANE": 0,
        "VALID": 0,
        "total": 100.2132105610298
    }
}