{
    "counter": {
        "ACTIVE": 3529,
        "INACTIVE": 1,
        "INVALID": 0,
        "MALICIOUS": 0,
        "SANE": 0,
        "VALID": 0,
        "total": 3530
    },
    "percentage": {
        "ACTIVE": 99.97167138810198,
        "INACTIVE": 0.6289308176100629,
        "INVALID": 0,
        "MALICIOUS": 0,
        "SANE": 0,
        "VALID": 0,
        "total": 100.60060220571205
    }
}