{
    "counter": {
        "ACTIVE": 2069,
        "INACTIVE": 3,
        "INVALID": 0,
        "MALICIOUS": 0,
        "SANE": 0,
        "VALID": 0,
        "total": 2072
    },
    "percentage": {
        "ACTIVE": 99.85521235521236,
        "INACTIVE": 0.2054794520547945,
        "INVALID": 0,
        "MALICIOUS": 0,
        "SANE": 0,
        "VALID": 0,
        "total": 100.06069180726715
    }
}