{
    "counter": {
        "ACTIVE": 3619,
        "INACTIVE": 1,
        "INVALID": 0,
        "MALICIOUS": 0,
        "SANE": 0,
        "VALID": 0,
        "total": 3620
    },
    "percentage": {
        "ACTIVE": 99.97237569060773,
        "INACTIVE": 0.6289308176100629,
        "INVALID": 0,
        "MALICIOUS": 0,
        "SANE": 0,
        "VALID": 0,
        "total": 100.6013065082178
    }
}