{
    "counter": {
        "ACTIVE": 3469,
        "INACTIVE": 1,
        "INVALID": 0,
        "MALICIOUS": 0,
        "SANE": 0,
        "VALID": 0,
        "total": 3470
    },
    "percentage": {
        "ACTIVE": 99.97118155619597,
        "INACTIVE": 0.1457725947521866,
        "INVALID": 0,
        "MALICIOUS": 0,
        "SANE": 0,
        "VALID": 0,
        "total": 100.11695415094816
    }
}