{
    "counter": {
        "ACTIVE": 1418,
        "INACTIVE": 2,
        "INVALID": 0,
        "MALICIOUS": 0,
        "SANE": 0,
        "VALID": 0,
        "total": 1420
    },
    "percentage": {
        "ACTIVE": 99.85915492957747,
        "INACTIVE": 0.14609203798392986,
        "INVALID": 0,
        "MALICIOUS": 0,
        "SANE": 0,
        "VALID": 0,
        "total": 100.0052469675614
    }
}