{
    "counter": {
        "ACTIVE": 2792,
        "INACTIVE": 3,
        "INVALID": 0,
        "MALICIOUS": 0,
        "SANE": 0,
        "VALID": 0,
        "total": 2795
    },
    "percentage": {
        "ACTIVE": 99.89266547406082,
        "INACTIVE": 0.3464203233256351,
        "INVALID": 0,
        "MALICIOUS": 0,
        "SANE": 0,
        "VALID": 0,
        "total": 100.23908579738645
    }
}