{
    "counter": {
        "ACTIVE": 1824,
        "INACTIVE": 1,
        "INVALID": 0,
        "MALICIOUS": 0,
        "SANE": 0,
        "VALID": 0,
        "total": 1825
    },
    "percentage": {
        "ACTIVE": 99.94520547945206,
        "INACTIVE": 0.13831258644536654,
        "INVALID": 0,
        "MALICIOUS": 0,
        "SANE": 0,
        "VALID": 0,
        "total": 100.08351806589742
    }
}