{
    "counter": {
        "ACTIVE": 816,
        "INACTIVE": 1,
        "INVALID": 0,
        "MALICIOUS": 0,
        "SANE": 0,
        "VALID": 0,
        "total": 817
    },
    "percentage": {
        "ACTIVE": 99.87760097919217,
        "INACTIVE": 0.12360939431396786,
        "INVALID": 0,
        "MALICIOUS": 0,
        "SANE": 0,
        "VALID": 0,
        "total": 100.00121037350614
    }
}