{
    "counter": {
        "ACTIVE": 1092,
        "INACTIVE": 1,
        "INVALID": 0,
        "MALICIOUS": 0,
        "SANE": 0,
        "VALID": 0,
        "total": 1093
    },
    "percentage": {
        "ACTIVE": 99.90850869167429,
        "INACTIVE": 0.1579778830963665,
        "INVALID": 0,
        "MALICIOUS": 0,
        "SANE": 0,
        "VALID": 0,
        "total": 100.06648657477065
    }
}