{
    "counter": {
        "ACTIVE": 3543,
        "INACTIVE": 1,
        "INVALID": 0,
        "MALICIOUS": 0,
        "SANE": 0,
        "VALID": 0,
        "total": 3544
    },
    "percentage": {
        "ACTIVE": 99.97178329571106,
        "INACTIVE": 0.030525030525030524,
        "INVALID": 0,
        "MALICIOUS": 0,
        "SANE": 0,
        "VALID": 0,
        "total": 100.00230832623609
    }
}