{
    "counter": {
        "ACTIVE": 1481,
        "INACTIVE": 1,
        "INVALID": 0,
        "MALICIOUS": 0,
        "SANE": 0,
        "VALID": 0,
        "total": 1482
    },
    "percentage": {
        "ACTIVE": 99.93252361673414,
        "INACTIVE": 0.24096385542168675,
        "INVALID": 0,
        "MALICIOUS": 0,
        "SANE": 0,
        "VALID": 0,
        "total": 100.17348747215583
    }
}