{
    "counter": {
        "ACTIVE": 2490,
        "INACTIVE": 1,
        "INVALID": 0,
        "MALICIOUS": 0,
        "SANE": 0,
        "VALID": 0,
        "total": 2491
    },
    "percentage": {
        "ACTIVE": 99.95985547972701,
        "INACTIVE": 0.12360939431396786,
        "INVALID": 0,
        "MALICIOUS": 0,
        "SANE": 0,
        "VALID": 0,
        "total": 100.08346487404098
    }
}