{
    "counter": {
        "ACTIVE": 2271,
        "INACTIVE": 2,
        "INVALID": 0,
        "MALICIOUS": 0,
        "SANE": 0,
        "VALID": 0,
        "total": 2273
    },
    "percentage": {
        "ACTIVE": 99.91201055873296,
        "INACTIVE": 0.2656042496679947,
        "INVALID": 0,
        "MALICIOUS": 0,
        "SANE": 0,
        "VALID": 0,
        "total": 100.17761480840096
    }
}