{
    "counter": {
        "ACTIVE": 3337,
        "INACTIVE": 1,
        "INVALID": 0,
        "MALICIOUS": 0,
        "SANE": 0,
        "VALID": 0,
        "total": 3338
    },
    "percentage": {
        "ACTIVE": 99.9700419412822,
        "INACTIVE": 0.12269938650306748,
        "INVALID": 0,
        "MALICIOUS": 0,
        "SANE": 0,
        "VALID": 0,
        "total": 100.09274132778528
    }
}