{
    "counter": {
        "ACTIVE": 1650,
        "INACTIVE": 3,
        "INVALID": 0,
        "MALICIOUS": 0,
        "SANE": 0,
        "VALID": 0,
        "total": 1653
    },
    "percentage": {
        "ACTIVE": 99.81851179673322,
        "INACTIVE": 0.20161290322580644,
        "INVALID": 0,
        "MALICIOUS": 0,
        "SANE": 0,
        "VALID": 0,
        "total": 100.02012469995903
    }
}