{
    "counter": {
        "ACTIVE": 1913,
        "INACTIVE": 1,
        "INVALID": 0,
        "MALICIOUS": 0,
        "SANE": 0,
        "VALID": 0,
        "total": 1914
    },
    "percentage": {
        "ACTIVE": 99.94775339602926,
        "INACTIVE": 0.06798096532970768,
        "INVALID": 0,
        "MALICIOUS": 0,
        "SANE": 0,
        "VALID": 0,
        "total": 100.01573436135897
    }
}