{
    "counter": {
        "ACTIVE": 2638,
        "INACTIVE": 2,
        "INVALID": 0,
        "MALICIOUS": 0,
        "SANE": 0,
        "VALID": 0,
        "total": 2640
    },
    "percentage": {
        "ACTIVE": 99.92424242424242,
        "INACTIVE": 0.2656042496679947,
        "INVALID": 0,
        "MALICIOUS": 0,
        "SANE": 0,
        "VALID": 0,
        "total": 100.18984667391042
    }
}