{
    "counter": {
        "ACTIVE": 2974,
        "INACTIVE": 15,
        "INVALID": 0,
        "MALICIOUS": 0,
        "SANE": 0,
        "VALID": 0,
        "total": 2989
    },
    "percentage": {
        "ACTIVE": 99.49815991970559,
        "INACTIVE": 0.539568345323741,
        "INVALID": 0,
        "MALICIOUS": 0,
        "SANE": 0,
        "VALID": 0,
        "total": 100.03772826502933
    }
}