{
    "counter": {
        "ACTIVE": 1466,
        "INACTIVE": 1,
        "INVALID": 0,
        "MALICIOUS": 0,
        "SANE": 0,
        "VALID": 0,
        "total": 1467
    },
    "percentage": {
        "ACTIVE": 99.93183367416496,
        "INACTIVE": 0.12360939431396786,
        "INVALID": 0,
        "MALICIOUS": 0,
        "SANE": 0,
        "VALID": 0,
        "total": 100.05544306847894
    }
}