{
    "counter": {
        "ACTIVE": 586,
        "INACTIVE": 1,
        "INVALID": 0,
        "MALICIOUS": 0,
        "SANE": 0,
        "VALID": 0,
        "total": 587
    },
    "percentage": {
        "ACTIVE": 99.82964224872232,
        "INACTIVE": 0.2770083102493075,
        "INVALID": 0,
        "MALICIOUS": 0,
        "SANE": 0,
        "VALID": 0,
        "total": 100.10665055897164
    }
}