{
    "counter": {
        "ACTIVE": 2848,
        "INACTIVE": 2,
        "INVALID": 0,
        "MALICIOUS": 0,
        "SANE": 0,
        "VALID": 0,
        "total": 2850
    },
    "percentage": {
        "ACTIVE": 99.9298245614035,
        "INACTIVE": 1.4814814814814814,
        "INVALID": 0,
        "MALICIOUS": 0,
        "SANE": 0,
        "VALID": 0,
        "total": 101.41130604288499
    }
}