{
    "counter": {
        "ACTIVE": 1372,
        "INACTIVE": 7,
        "INVALID": 0,
        "MALICIOUS": 0,
        "SANE": 0,
        "VALID": 0,
        "total": 1379
    },
    "percentage": {
        "ACTIVE": 99.49238578680203,
        "INACTIVE": 0.546448087431694,
        "INVALID": 0,
        "MALICIOUS": 0,
        "SANE": 0,
        "VALID": 0,
        "total": 100.03883387423373
    }
}