{
    "counter": {
        "ACTIVE": 1328,
        "INACTIVE": 8,
        "INVALID": 0,
        "MALICIOUS": 0,
        "SANE": 0,
        "VALID": 0,
        "total": 1336
    },
    "percentage": {
        "ACTIVE": 99.40119760479043,
        "INACTIVE": 1.1904761904761905,
        "INVALID": 0,
        "MALICIOUS": 0,
        "SANE": 0,
        "VALID": 0,
        "total": 100.59167379526662
    }
}