{
    "counter": {
        "ACTIVE": 3514,
        "INACTIVE": 1,
        "INVALID": 0,
        "MALICIOUS": 0,
        "SANE": 0,
        "VALID": 0,
        "total": 3515
    },
    "percentage": {
        "ACTIVE": 99.97155049786629,
        "INACTIVE": 0.11001100110011001,
        "INVALID": 0,
        "MALICIOUS": 0,
        "SANE": 0,
        "VALID": 0,
        "total": 100.0815614989664
    }
}