{
    "counter": {
        "ACTIVE": 3665,
        "INACTIVE": 1,
        "INVALID": 0,
        "MALICIOUS": 0,
        "SANE": 0,
        "VALID": 0,
        "total": 3666
    },
    "percentage": {
        "ACTIVE": 99.97272231314784,
        "INACTIVE": 0.14084507042253522,
        "INVALID": 0,
        "MALICIOUS": 0,
        "SANE": 0,
        "VALID": 0,
        "total": 100.11356738357037
    }
}