{
    "counter": {
        "ACTIVE": 1360,
        "INACTIVE": 3,
        "INVALID": 0,
        "MALICIOUS": 0,
        "SANE": 0,
        "VALID": 0,
        "total": 1363
    },
    "percentage": {
        "ACTIVE": 99.77989728539985,
        "INACTIVE": 0.20161290322580644,
        "INVALID": 0,
        "MALICIOUS": 0,
        "SANE": 0,
        "VALID": 0,
        "total": 99.98151018862566
    }
}