{
    "counter": {
        "ACTIVE": 533,
        "INACTIVE": 2,
        "INVALID": 0,
        "MALICIOUS": 0,
        "SANE": 0,
        "VALID": 0,
        "total": 535
    },
    "percentage": {
        "ACTIVE": 99.62616822429906,
        "INACTIVE": 0.44742729306487694,
        "INVALID": 0,
        "MALICIOUS": 0,
        "SANE": 0,
        "VALID": 0,
        "total": 100.07359551736394
    }
}