{
    "counter": {
        "ACTIVE": 1252,
        "INACTIVE": 1,
        "INVALID": 0,
        "MALICIOUS": 0,
        "SANE": 0,
        "VALID": 0,
        "total": 1253
    },
    "percentage": {
        "ACTIVE": 99.92019154030328,
        "INACTIVE": 0.2028397565922921,
        "INVALID": 0,
        "MALICIOUS": 0,
        "SANE": 0,
        "VALID": 0,
        "total": 100.12303129689558
    }
}