{
    "counter": {
        "ACTIVE": 3003,
        "INACTIVE": 1,
        "INVALID": 0,
        "MALICIOUS": 0,
        "SANE": 0,
        "VALID": 0,
        "total": 3004
    },
    "percentage": {
        "ACTIVE": 99.96671105193076,
        "INACTIVE": 0.12531328320802004,
        "INVALID": 0,
        "MALICIOUS": 0,
        "SANE": 0,
        "VALID": 0,
        "total": 100.09202433513877
    }
}