{
    "counter": {
        "ACTIVE": 1405,
        "INACTIVE": 1,
        "INVALID": 0,
        "MALICIOUS": 0,
        "SANE": 0,
        "VALID": 0,
        "total": 1406
    },
    "percentage": {
        "ACTIVE": 99.92887624466572,
        "INACTIVE": 0.08396305625524769,
        "INVALID": 0,
        "MALICIOUS": 0,
        "SANE": 0,
        "VALID": 0,
        "total": 100.01283930092096
    }
}