{
    "counter": {
        "123-Reg Limited": 1,
        "GoDaddy.com, LLC": 3,
        "NameCheap, Inc.": 9,
        "OVH sas": 1,
        "total": 14
    },
    "percentage": {
        "123-Reg Limited": 7.142857142857143,
        "GoDaddy.com, LLC": 21.428571428571427,
        "NameCheap, Inc.": 64.28571428571429,
        "OVH sas": 7.142857142857143,
        "total": 100.0
    }
}