{
    "counter": {
        "123-Reg Limited": 2,
        "Alibaba Cloud Computing Ltd. d/b/a HiChina (www.net.cn)": 2,
        "Amazon Registrar, Inc.": 16,
        "CSC Corporate Domains, Inc.": 4,
        "CloudFlare, Inc.": 2,
        "DYNADOT, LLC": 2,
        "DomainSpot LLC": 2,
        "EuroDNS": 2,
        "GoDaddy.com, LLC": 40,
        "Google LLC": 2,
        "Ledl.net GmbH": 2,
        "MarkMonitor Inc.": 4,
        "MarkMonitor, Inc.": 2,
        "NAMECHEAP": 2,
        "NameCheap, Inc.": 296,
        "NameSilo, LLC": 2,
        "Namecheap": 4,
        "Network Solutions, LLC": 2,
        "OVH": 6,
        "OVH sas": 8,
        "Porkbun LLC": 2,
        "Realtime Register B.V.": 2,
        "SafeNames Ltd.": 2,
        "TLDS L.L.C. d/b/a SRSPlus": 2,
        "URL Solutions, Inc.": 2,
        "total": 412
    },
    "percentage": {
        "123-Reg Limited": 0.4854368932038835,
        "Alibaba Cloud Computing Ltd. d/b/a HiChina (www.net.cn)": 0.4854368932038835,
        "Amazon Registrar, Inc.": 3.883495145631068,
        "CSC Corporate Domains, Inc.": 0.970873786407767,
        "CloudFlare, Inc.": 0.4854368932038835,
        "DYNADOT, LLC": 0.4854368932038835,
        "DomainSpot LLC": 0.4854368932038835,
        "EuroDNS": 0.4854368932038835,
        "GoDaddy.com, LLC": 9.70873786407767,
        "Google LLC": 0.4854368932038835,
        "Ledl.net GmbH": 0.4854368932038835,
        "MarkMonitor Inc.": 0.970873786407767,
        "MarkMonitor, Inc.": 0.4854368932038835,
        "NAMECHEAP": 0.4854368932038835,
        "NameCheap, Inc.": 71.84466019417475,
        "NameSilo, LLC": 0.4854368932038835,
        "Namecheap": 0.970873786407767,
        "Network Solutions, LLC": 0.4854368932038835,
        "OVH": 1.4563106796116505,
        "OVH sas": 1.941747572815534,
        "Porkbun LLC": 0.4854368932038835,
        "Realtime Register B.V.": 0.4854368932038835,
        "SafeNames Ltd.": 0.4854368932038835,
        "TLDS L.L.C. d/b/a SRSPlus": 0.4854368932038835,
        "URL Solutions, Inc.": 0.4854368932038835,
        "total": 99.99999999999997
    }
}