{
    "counter": {
        "123-Reg Limited": 2,
        "Alibaba Cloud Computing Ltd. d/b/a HiChina (www.net.cn)": 2,
        "Amazon Registrar, Inc.": 16,
        "CloudFlare, Inc.": 2,
        "DYNADOT, LLC": 2,
        "DomainSpot LLC": 2,
        "EuroDNS": 2,
        "GoDaddy.com, LLC": 36,
        "Google LLC": 2,
        "Ledl.net GmbH": 2,
        "MarkMonitor Inc.": 2,
        "MarkMonitor, Inc.": 2,
        "NameCheap, Inc.": 256,
        "NameSilo, LLC": 2,
        "Namecheap": 4,
        "OVH": 6,
        "OVH sas": 8,
        "Porkbun LLC": 2,
        "Realtime Register B.V.": 2,
        "TLDS L.L.C. d/b/a SRSPlus": 2,
        "URL Solutions, Inc.": 2,
        "total": 356
    },
    "percentage": {
        "123-Reg Limited": 0.5617977528089888,
        "Alibaba Cloud Computing Ltd. d/b/a HiChina (www.net.cn)": 0.5617977528089888,
        "Amazon Registrar, Inc.": 4.49438202247191,
        "CloudFlare, Inc.": 0.5617977528089888,
        "DYNADOT, LLC": 0.5617977528089888,
        "DomainSpot LLC": 0.5617977528089888,
        "EuroDNS": 0.5617977528089888,
        "GoDaddy.com, LLC": 10.112359550561798,
        "Google LLC": 0.5617977528089888,
        "Ledl.net GmbH": 0.5617977528089888,
        "MarkMonitor Inc.": 0.5617977528089888,
        "MarkMonitor, Inc.": 0.5617977528089888,
        "NameCheap, Inc.": 71.91011235955057,
        "NameSilo, LLC": 0.5617977528089888,
        "Namecheap": 1.1235955056179776,
        "OVH": 1.6853932584269662,
        "OVH sas": 2.247191011235955,
        "Porkbun LLC": 0.5617977528089888,
        "Realtime Register B.V.": 0.5617977528089888,
        "TLDS L.L.C. d/b/a SRSPlus": 0.5617977528089888,
        "URL Solutions, Inc.": 0.5617977528089888,
        "total": 100.0
    }
}