{
    "counter": {
        "DomainSpot LLC": 1,
        "GoDaddy.com, LLC": 4,
        "NameCheap, Inc.": 21,
        "Whois Corp.": 1,
        "total": 27
    },
    "percentage": {
        "DomainSpot LLC": 3.7037037037037037,
        "GoDaddy.com, LLC": 14.814814814814815,
        "NameCheap, Inc.": 77.77777777777777,
        "Whois Corp.": 3.7037037037037037,
        "total": 100.0
    }
}