{
    "counter": {
        "EuroDNS S.A.": 1,
        "GoDaddy.com, LLC": 1,
        "IONOS SE": 1,
        "NameCheap, Inc.": 2,
        "NameSilo, LLC": 1,
        "total": 6
    },
    "percentage": {
        "EuroDNS S.A.": 16.666666666666668,
        "GoDaddy.com, LLC": 16.666666666666668,
        "IONOS SE": 16.666666666666668,
        "NameCheap, Inc.": 33.333333333333336,
        "NameSilo, LLC": 16.666666666666668,
        "total": 100.00000000000001
    }
}