{
    "counter": {
        "Amazon Registrar, Inc.": 2,
        "NameCheap, Inc.": 2,
        "URL Solutions, Inc.": 2,
        "total": 6
    },
    "percentage": {
        "Amazon Registrar, Inc.": 33.333333333333336,
        "NameCheap, Inc.": 33.333333333333336,
        "URL Solutions, Inc.": 33.333333333333336,
        "total": 100.0
    }
}